[20-Nov-2025 13:57:25 America/New_York] PHP Deprecated:  Creation of dynamic property Database::$user is deprecated in /home/brightro/domains/catalogo.brightronix.net/public_html/katalog-master/katalog-master/admin/core/controller/Database.php on line 7
[20-Nov-2025 13:57:25 America/New_York] PHP Deprecated:  Creation of dynamic property Database::$pass is deprecated in /home/brightro/domains/catalogo.brightronix.net/public_html/katalog-master/katalog-master/admin/core/controller/Database.php on line 8
[20-Nov-2025 13:57:25 America/New_York] PHP Deprecated:  Creation of dynamic property Database::$host is deprecated in /home/brightro/domains/catalogo.brightronix.net/public_html/katalog-master/katalog-master/admin/core/controller/Database.php on line 9
[20-Nov-2025 13:57:25 America/New_York] PHP Deprecated:  Creation of dynamic property Database::$ddbb is deprecated in /home/brightro/domains/catalogo.brightronix.net/public_html/katalog-master/katalog-master/admin/core/controller/Database.php on line 10
[20-Nov-2025 13:57:25 America/New_York] PHP Deprecated:  Creation of dynamic property PostData::$title is deprecated in /home/brightro/domains/catalogo.brightronix.net/public_html/katalog-master/katalog-master/admin/core/app/model/PostData.php on line 7
[20-Nov-2025 13:57:25 America/New_York] PHP Deprecated:  Creation of dynamic property PostData::$content is deprecated in /home/brightro/domains/catalogo.brightronix.net/public_html/katalog-master/katalog-master/admin/core/app/model/PostData.php on line 8
[20-Nov-2025 13:57:25 America/New_York] PHP Deprecated:  Creation of dynamic property PostData::$image is deprecated in /home/brightro/domains/catalogo.brightronix.net/public_html/katalog-master/katalog-master/admin/core/app/model/PostData.php on line 9
[20-Nov-2025 13:57:25 America/New_York] PHP Deprecated:  Creation of dynamic property PostData::$link is deprecated in /home/brightro/domains/catalogo.brightronix.net/public_html/katalog-master/katalog-master/admin/core/app/model/PostData.php on line 10
[20-Nov-2025 13:57:25 America/New_York] PHP Deprecated:  Creation of dynamic property PostData::$category_id is deprecated in /home/brightro/domains/catalogo.brightronix.net/public_html/katalog-master/katalog-master/admin/core/app/model/PostData.php on line 11
[20-Nov-2025 13:57:25 America/New_York] PHP Deprecated:  Creation of dynamic property PostData::$is_public is deprecated in /home/brightro/domains/catalogo.brightronix.net/public_html/katalog-master/katalog-master/admin/core/app/model/PostData.php on line 12
[20-Nov-2025 13:57:25 America/New_York] PHP Deprecated:  Creation of dynamic property PostData::$created_at is deprecated in /home/brightro/domains/catalogo.brightronix.net/public_html/katalog-master/katalog-master/admin/core/app/model/PostData.php on line 13
[20-Nov-2025 13:57:25 America/New_York] PHP Deprecated:  Creation of dynamic property PostData::$title is deprecated in /home/brightro/domains/catalogo.brightronix.net/public_html/katalog-master/katalog-master/admin/core/app/model/PostData.php on line 7
[20-Nov-2025 13:57:25 America/New_York] PHP Deprecated:  Creation of dynamic property PostData::$content is deprecated in /home/brightro/domains/catalogo.brightronix.net/public_html/katalog-master/katalog-master/admin/core/app/model/PostData.php on line 8
[20-Nov-2025 13:57:25 America/New_York] PHP Deprecated:  Creation of dynamic property PostData::$image is deprecated in /home/brightro/domains/catalogo.brightronix.net/public_html/katalog-master/katalog-master/admin/core/app/model/PostData.php on line 9
[20-Nov-2025 13:57:25 America/New_York] PHP Deprecated:  Creation of dynamic property PostData::$link is deprecated in /home/brightro/domains/catalogo.brightronix.net/public_html/katalog-master/katalog-master/admin/core/app/model/PostData.php on line 10
[20-Nov-2025 13:57:25 America/New_York] PHP Deprecated:  Creation of dynamic property PostData::$category_id is deprecated in /home/brightro/domains/catalogo.brightronix.net/public_html/katalog-master/katalog-master/admin/core/app/model/PostData.php on line 11
[20-Nov-2025 13:57:25 America/New_York] PHP Deprecated:  Creation of dynamic property PostData::$is_public is deprecated in /home/brightro/domains/catalogo.brightronix.net/public_html/katalog-master/katalog-master/admin/core/app/model/PostData.php on line 12
[20-Nov-2025 13:57:25 America/New_York] PHP Deprecated:  Creation of dynamic property PostData::$created_at is deprecated in /home/brightro/domains/catalogo.brightronix.net/public_html/katalog-master/katalog-master/admin/core/app/model/PostData.php on line 13
[20-Nov-2025 13:57:25 America/New_York] PHP Deprecated:  Creation of dynamic property PostData::$id is deprecated in /home/brightro/domains/catalogo.brightronix.net/public_html/katalog-master/katalog-master/admin/core/controller/Model.php on line 48
[20-Nov-2025 13:57:25 America/New_York] PHP Deprecated:  Creation of dynamic property PostData::$short_name is deprecated in /home/brightro/domains/catalogo.brightronix.net/public_html/katalog-master/katalog-master/admin/core/controller/Model.php on line 48
[20-Nov-2025 13:57:25 America/New_York] PHP Deprecated:  Creation of dynamic property PostData::$name is deprecated in /home/brightro/domains/catalogo.brightronix.net/public_html/katalog-master/katalog-master/admin/core/controller/Model.php on line 48
[20-Nov-2025 13:57:25 America/New_York] PHP Deprecated:  Creation of dynamic property PostData::$code is deprecated in /home/brightro/domains/catalogo.brightronix.net/public_html/katalog-master/katalog-master/admin/core/controller/Model.php on line 48
[20-Nov-2025 13:57:25 America/New_York] PHP Deprecated:  Creation of dynamic property PostData::$description is deprecated in /home/brightro/domains/catalogo.brightronix.net/public_html/katalog-master/katalog-master/admin/core/controller/Model.php on line 48
[20-Nov-2025 13:57:25 America/New_York] PHP Deprecated:  Creation of dynamic property PostData::$offer_txt is deprecated in /home/brightro/domains/catalogo.brightronix.net/public_html/katalog-master/katalog-master/admin/core/controller/Model.php on line 48
[20-Nov-2025 13:57:25 America/New_York] PHP Deprecated:  Creation of dynamic property PostData::$is_featured is deprecated in /home/brightro/domains/catalogo.brightronix.net/public_html/katalog-master/katalog-master/admin/core/controller/Model.php on line 48
[20-Nov-2025 13:57:25 America/New_York] PHP Deprecated:  Creation of dynamic property PostData::$order_at is deprecated in /home/brightro/domains/catalogo.brightronix.net/public_html/katalog-master/katalog-master/admin/core/controller/Model.php on line 48
[20-Nov-2025 13:57:25 America/New_York] PHP Fatal error:  Uncaught mysqli_sql_exception: You have an error in your SQL syntax; check the manual that corresponds to your MariaDB server version for the right syntax to use near 'PVC Conduit, 20' Length, Schedule 40, Gray, Bell End",description="3 Inch PVC...' at line 1 in /home/brightro/domains/catalogo.brightronix.net/public_html/katalog-master/katalog-master/admin/core/controller/Executor.php:10
Stack trace:
#0 /home/brightro/domains/catalogo.brightronix.net/public_html/katalog-master/katalog-master/admin/core/controller/Executor.php(10): mysqli->query()
#1 /home/brightro/domains/catalogo.brightronix.net/public_html/katalog-master/katalog-master/admin/core/app/model/PostData.php(36): Executor::doit()
#2 /home/brightro/domains/catalogo.brightronix.net/public_html/katalog-master/katalog-master/admin/core/app/action/updateproduct-action.php(58): PostData->update()
#3 /home/brightro/domains/catalogo.brightronix.net/public_html/katalog-master/katalog-master/admin/core/controller/Action.php(22): include('...')
#4 /home/brightro/domains/catalogo.brightronix.net/public_html/katalog-master/katalog-master/admin/core/app/init.php(15): Action::load()
#5 /home/brightro/domains/catalogo.brightronix.net/public_html/katalog-master/katalog-master/admin/core/controller/Lb.php(15): include('...')
#6 /home/brightro/domains/catalogo.brightronix.net/public_html/katalog-master/katalog-master/admin/index.php(31): Lb->start()
#7 {main}
  thrown in /home/brightro/domains/catalogo.brightronix.net/public_html/katalog-master/katalog-master/admin/core/controller/Executor.php on line 10
[20-Nov-2025 14:06:56 America/New_York] PHP Deprecated:  Creation of dynamic property Database::$user is deprecated in /home/brightro/domains/catalogo.brightronix.net/public_html/katalog-master/katalog-master/admin/core/controller/Database.php on line 7
[20-Nov-2025 14:06:56 America/New_York] PHP Deprecated:  Creation of dynamic property Database::$pass is deprecated in /home/brightro/domains/catalogo.brightronix.net/public_html/katalog-master/katalog-master/admin/core/controller/Database.php on line 8
[20-Nov-2025 14:06:56 America/New_York] PHP Deprecated:  Creation of dynamic property Database::$host is deprecated in /home/brightro/domains/catalogo.brightronix.net/public_html/katalog-master/katalog-master/admin/core/controller/Database.php on line 9
[20-Nov-2025 14:06:56 America/New_York] PHP Deprecated:  Creation of dynamic property Database::$ddbb is deprecated in /home/brightro/domains/catalogo.brightronix.net/public_html/katalog-master/katalog-master/admin/core/controller/Database.php on line 10
[20-Nov-2025 14:06:57 America/New_York] PHP Deprecated:  Creation of dynamic property Database::$user is deprecated in /home/brightro/domains/catalogo.brightronix.net/public_html/katalog-master/katalog-master/admin/core/controller/Database.php on line 7
[20-Nov-2025 14:06:57 America/New_York] PHP Deprecated:  Creation of dynamic property Database::$pass is deprecated in /home/brightro/domains/catalogo.brightronix.net/public_html/katalog-master/katalog-master/admin/core/controller/Database.php on line 8
[20-Nov-2025 14:06:57 America/New_York] PHP Deprecated:  Creation of dynamic property Database::$host is deprecated in /home/brightro/domains/catalogo.brightronix.net/public_html/katalog-master/katalog-master/admin/core/controller/Database.php on line 9
[20-Nov-2025 14:06:57 America/New_York] PHP Deprecated:  Creation of dynamic property Database::$ddbb is deprecated in /home/brightro/domains/catalogo.brightronix.net/public_html/katalog-master/katalog-master/admin/core/controller/Database.php on line 10
[20-Nov-2025 14:06:57 America/New_York] PHP Deprecated:  Creation of dynamic property UserData::$name is deprecated in /home/brightro/domains/catalogo.brightronix.net/public_html/katalog-master/katalog-master/admin/core/app/model/UserData.php on line 6
[20-Nov-2025 14:06:57 America/New_York] PHP Deprecated:  Creation of dynamic property UserData::$lastname is deprecated in /home/brightro/domains/catalogo.brightronix.net/public_html/katalog-master/katalog-master/admin/core/app/model/UserData.php on line 7
[20-Nov-2025 14:06:57 America/New_York] PHP Deprecated:  Creation of dynamic property UserData::$email is deprecated in /home/brightro/domains/catalogo.brightronix.net/public_html/katalog-master/katalog-master/admin/core/app/model/UserData.php on line 8
[20-Nov-2025 14:06:57 America/New_York] PHP Deprecated:  Creation of dynamic property UserData::$username is deprecated in /home/brightro/domains/catalogo.brightronix.net/public_html/katalog-master/katalog-master/admin/core/app/model/UserData.php on line 9
[20-Nov-2025 14:06:57 America/New_York] PHP Deprecated:  Creation of dynamic property UserData::$password is deprecated in /home/brightro/domains/catalogo.brightronix.net/public_html/katalog-master/katalog-master/admin/core/app/model/UserData.php on line 10
[20-Nov-2025 14:06:57 America/New_York] PHP Deprecated:  Creation of dynamic property UserData::$created_at is deprecated in /home/brightro/domains/catalogo.brightronix.net/public_html/katalog-master/katalog-master/admin/core/app/model/UserData.php on line 11
[20-Nov-2025 14:06:57 America/New_York] PHP Deprecated:  Creation of dynamic property UserData::$id is deprecated in /home/brightro/domains/catalogo.brightronix.net/public_html/katalog-master/katalog-master/admin/core/app/model/UserData.php on line 97
[20-Nov-2025 14:06:57 America/New_York] PHP Deprecated:  Creation of dynamic property UserData::$is_active is deprecated in /home/brightro/domains/catalogo.brightronix.net/public_html/katalog-master/katalog-master/admin/core/app/model/UserData.php on line 97
[20-Nov-2025 14:06:57 America/New_York] PHP Deprecated:  Creation of dynamic property Database::$user is deprecated in /home/brightro/domains/catalogo.brightronix.net/public_html/katalog-master/katalog-master/admin/core/controller/Database.php on line 7
[20-Nov-2025 14:06:57 America/New_York] PHP Deprecated:  Creation of dynamic property Database::$pass is deprecated in /home/brightro/domains/catalogo.brightronix.net/public_html/katalog-master/katalog-master/admin/core/controller/Database.php on line 8
[20-Nov-2025 14:06:57 America/New_York] PHP Deprecated:  Creation of dynamic property Database::$host is deprecated in /home/brightro/domains/catalogo.brightronix.net/public_html/katalog-master/katalog-master/admin/core/controller/Database.php on line 9
[20-Nov-2025 14:06:57 America/New_York] PHP Deprecated:  Creation of dynamic property Database::$ddbb is deprecated in /home/brightro/domains/catalogo.brightronix.net/public_html/katalog-master/katalog-master/admin/core/controller/Database.php on line 10
[20-Nov-2025 14:06:57 America/New_York] PHP Deprecated:  Creation of dynamic property CategoryData::$title is deprecated in /home/brightro/domains/catalogo.brightronix.net/public_html/katalog-master/katalog-master/admin/core/app/model/CategoryData.php on line 7
[20-Nov-2025 14:06:57 America/New_York] PHP Deprecated:  Creation of dynamic property CategoryData::$content is deprecated in /home/brightro/domains/catalogo.brightronix.net/public_html/katalog-master/katalog-master/admin/core/app/model/CategoryData.php on line 8
[20-Nov-2025 14:06:57 America/New_York] PHP Deprecated:  Creation of dynamic property CategoryData::$image is deprecated in /home/brightro/domains/catalogo.brightronix.net/public_html/katalog-master/katalog-master/admin/core/app/model/CategoryData.php on line 9
[20-Nov-2025 14:06:57 America/New_York] PHP Deprecated:  Creation of dynamic property CategoryData::$user_id is deprecated in /home/brightro/domains/catalogo.brightronix.net/public_html/katalog-master/katalog-master/admin/core/app/model/CategoryData.php on line 10
[20-Nov-2025 14:06:57 America/New_York] PHP Deprecated:  Creation of dynamic property CategoryData::$is_public is deprecated in /home/brightro/domains/catalogo.brightronix.net/public_html/katalog-master/katalog-master/admin/core/app/model/CategoryData.php on line 11
[20-Nov-2025 14:06:57 America/New_York] PHP Deprecated:  Creation of dynamic property CategoryData::$created_at is deprecated in /home/brightro/domains/catalogo.brightronix.net/public_html/katalog-master/katalog-master/admin/core/app/model/CategoryData.php on line 12
[20-Nov-2025 14:06:57 America/New_York] PHP Deprecated:  Creation of dynamic property CategoryData::$title is deprecated in /home/brightro/domains/catalogo.brightronix.net/public_html/katalog-master/katalog-master/admin/core/app/model/CategoryData.php on line 7
[20-Nov-2025 14:06:57 America/New_York] PHP Deprecated:  Creation of dynamic property CategoryData::$content is deprecated in /home/brightro/domains/catalogo.brightronix.net/public_html/katalog-master/katalog-master/admin/core/app/model/CategoryData.php on line 8
[20-Nov-2025 14:06:57 America/New_York] PHP Deprecated:  Creation of dynamic property CategoryData::$image is deprecated in /home/brightro/domains/catalogo.brightronix.net/public_html/katalog-master/katalog-master/admin/core/app/model/CategoryData.php on line 9
[20-Nov-2025 14:06:57 America/New_York] PHP Deprecated:  Creation of dynamic property CategoryData::$user_id is deprecated in /home/brightro/domains/catalogo.brightronix.net/public_html/katalog-master/katalog-master/admin/core/app/model/CategoryData.php on line 10
[20-Nov-2025 14:06:57 America/New_York] PHP Deprecated:  Creation of dynamic property CategoryData::$is_public is deprecated in /home/brightro/domains/catalogo.brightronix.net/public_html/katalog-master/katalog-master/admin/core/app/model/CategoryData.php on line 11
[20-Nov-2025 14:06:57 America/New_York] PHP Deprecated:  Creation of dynamic property CategoryData::$created_at is deprecated in /home/brightro/domains/catalogo.brightronix.net/public_html/katalog-master/katalog-master/admin/core/app/model/CategoryData.php on line 12
[20-Nov-2025 14:06:57 America/New_York] PHP Deprecated:  Creation of dynamic property CategoryData::$id is deprecated in /home/brightro/domains/catalogo.brightronix.net/public_html/katalog-master/katalog-master/admin/core/controller/Model.php on line 31
[20-Nov-2025 14:06:57 America/New_York] PHP Deprecated:  Creation of dynamic property CategoryData::$name is deprecated in /home/brightro/domains/catalogo.brightronix.net/public_html/katalog-master/katalog-master/admin/core/controller/Model.php on line 31
[20-Nov-2025 14:06:57 America/New_York] PHP Deprecated:  Creation of dynamic property CategoryData::$short_name is deprecated in /home/brightro/domains/catalogo.brightronix.net/public_html/katalog-master/katalog-master/admin/core/controller/Model.php on line 31
[20-Nov-2025 14:06:57 America/New_York] PHP Deprecated:  Creation of dynamic property CategoryData::$in_home is deprecated in /home/brightro/domains/catalogo.brightronix.net/public_html/katalog-master/katalog-master/admin/core/controller/Model.php on line 31
[20-Nov-2025 14:06:57 America/New_York] PHP Deprecated:  Creation of dynamic property CategoryData::$in_menu is deprecated in /home/brightro/domains/catalogo.brightronix.net/public_html/katalog-master/katalog-master/admin/core/controller/Model.php on line 31
[20-Nov-2025 14:06:57 America/New_York] PHP Deprecated:  Creation of dynamic property CategoryData::$is_active is deprecated in /home/brightro/domains/catalogo.brightronix.net/public_html/katalog-master/katalog-master/admin/core/controller/Model.php on line 31
[20-Nov-2025 14:06:57 America/New_York] PHP Deprecated:  Creation of dynamic property CategoryData::$title is deprecated in /home/brightro/domains/catalogo.brightronix.net/public_html/katalog-master/katalog-master/admin/core/app/model/CategoryData.php on line 7
[20-Nov-2025 14:06:57 America/New_York] PHP Deprecated:  Creation of dynamic property CategoryData::$content is deprecated in /home/brightro/domains/catalogo.brightronix.net/public_html/katalog-master/katalog-master/admin/core/app/model/CategoryData.php on line 8
[20-Nov-2025 14:06:57 America/New_York] PHP Deprecated:  Creation of dynamic property CategoryData::$image is deprecated in /home/brightro/domains/catalogo.brightronix.net/public_html/katalog-master/katalog-master/admin/core/app/model/CategoryData.php on line 9
[20-Nov-2025 14:06:57 America/New_York] PHP Deprecated:  Creation of dynamic property CategoryData::$user_id is deprecated in /home/brightro/domains/catalogo.brightronix.net/public_html/katalog-master/katalog-master/admin/core/app/model/CategoryData.php on line 10
[20-Nov-2025 14:06:57 America/New_York] PHP Deprecated:  Creation of dynamic property CategoryData::$is_public is deprecated in /home/brightro/domains/catalogo.brightronix.net/public_html/katalog-master/katalog-master/admin/core/app/model/CategoryData.php on line 11
[20-Nov-2025 14:06:57 America/New_York] PHP Deprecated:  Creation of dynamic property CategoryData::$created_at is deprecated in /home/brightro/domains/catalogo.brightronix.net/public_html/katalog-master/katalog-master/admin/core/app/model/CategoryData.php on line 12
[20-Nov-2025 14:06:57 America/New_York] PHP Deprecated:  Creation of dynamic property CategoryData::$id is deprecated in /home/brightro/domains/catalogo.brightronix.net/public_html/katalog-master/katalog-master/admin/core/controller/Model.php on line 31
[20-Nov-2025 14:06:57 America/New_York] PHP Deprecated:  Creation of dynamic property CategoryData::$name is deprecated in /home/brightro/domains/catalogo.brightronix.net/public_html/katalog-master/katalog-master/admin/core/controller/Model.php on line 31
[20-Nov-2025 14:06:57 America/New_York] PHP Deprecated:  Creation of dynamic property CategoryData::$short_name is deprecated in /home/brightro/domains/catalogo.brightronix.net/public_html/katalog-master/katalog-master/admin/core/controller/Model.php on line 31
[20-Nov-2025 14:06:57 America/New_York] PHP Deprecated:  Creation of dynamic property CategoryData::$in_home is deprecated in /home/brightro/domains/catalogo.brightronix.net/public_html/katalog-master/katalog-master/admin/core/controller/Model.php on line 31
[20-Nov-2025 14:06:57 America/New_York] PHP Deprecated:  Creation of dynamic property CategoryData::$in_menu is deprecated in /home/brightro/domains/catalogo.brightronix.net/public_html/katalog-master/katalog-master/admin/core/controller/Model.php on line 31
[20-Nov-2025 14:06:57 America/New_York] PHP Deprecated:  Creation of dynamic property CategoryData::$is_active is deprecated in /home/brightro/domains/catalogo.brightronix.net/public_html/katalog-master/katalog-master/admin/core/controller/Model.php on line 31
[20-Nov-2025 14:06:57 America/New_York] PHP Deprecated:  Creation of dynamic property CategoryData::$title is deprecated in /home/brightro/domains/catalogo.brightronix.net/public_html/katalog-master/katalog-master/admin/core/app/model/CategoryData.php on line 7
[20-Nov-2025 14:06:57 America/New_York] PHP Deprecated:  Creation of dynamic property CategoryData::$content is deprecated in /home/brightro/domains/catalogo.brightronix.net/public_html/katalog-master/katalog-master/admin/core/app/model/CategoryData.php on line 8
[20-Nov-2025 14:06:57 America/New_York] PHP Deprecated:  Creation of dynamic property CategoryData::$image is deprecated in /home/brightro/domains/catalogo.brightronix.net/public_html/katalog-master/katalog-master/admin/core/app/model/CategoryData.php on line 9
[20-Nov-2025 14:06:57 America/New_York] PHP Deprecated:  Creation of dynamic property CategoryData::$user_id is deprecated in /home/brightro/domains/catalogo.brightronix.net/public_html/katalog-master/katalog-master/admin/core/app/model/CategoryData.php on line 10
[20-Nov-2025 14:06:57 America/New_York] PHP Deprecated:  Creation of dynamic property CategoryData::$is_public is deprecated in /home/brightro/domains/catalogo.brightronix.net/public_html/katalog-master/katalog-master/admin/core/app/model/CategoryData.php on line 11
[20-Nov-2025 14:06:57 America/New_York] PHP Deprecated:  Creation of dynamic property CategoryData::$created_at is deprecated in /home/brightro/domains/catalogo.brightronix.net/public_html/katalog-master/katalog-master/admin/core/app/model/CategoryData.php on line 12
[20-Nov-2025 14:06:57 America/New_York] PHP Deprecated:  Creation of dynamic property CategoryData::$id is deprecated in /home/brightro/domains/catalogo.brightronix.net/public_html/katalog-master/katalog-master/admin/core/controller/Model.php on line 31
[20-Nov-2025 14:06:57 America/New_York] PHP Deprecated:  Creation of dynamic property CategoryData::$name is deprecated in /home/brightro/domains/catalogo.brightronix.net/public_html/katalog-master/katalog-master/admin/core/controller/Model.php on line 31
[20-Nov-2025 14:06:57 America/New_York] PHP Deprecated:  Creation of dynamic property CategoryData::$short_name is deprecated in /home/brightro/domains/catalogo.brightronix.net/public_html/katalog-master/katalog-master/admin/core/controller/Model.php on line 31
[20-Nov-2025 14:06:57 America/New_York] PHP Deprecated:  Creation of dynamic property CategoryData::$in_home is deprecated in /home/brightro/domains/catalogo.brightronix.net/public_html/katalog-master/katalog-master/admin/core/controller/Model.php on line 31
[20-Nov-2025 14:06:57 America/New_York] PHP Deprecated:  Creation of dynamic property CategoryData::$in_menu is deprecated in /home/brightro/domains/catalogo.brightronix.net/public_html/katalog-master/katalog-master/admin/core/controller/Model.php on line 31
[20-Nov-2025 14:06:57 America/New_York] PHP Deprecated:  Creation of dynamic property CategoryData::$is_active is deprecated in /home/brightro/domains/catalogo.brightronix.net/public_html/katalog-master/katalog-master/admin/core/controller/Model.php on line 31
[20-Nov-2025 14:06:57 America/New_York] PHP Deprecated:  Creation of dynamic property CategoryData::$title is deprecated in /home/brightro/domains/catalogo.brightronix.net/public_html/katalog-master/katalog-master/admin/core/app/model/CategoryData.php on line 7
[20-Nov-2025 14:06:57 America/New_York] PHP Deprecated:  Creation of dynamic property CategoryData::$content is deprecated in /home/brightro/domains/catalogo.brightronix.net/public_html/katalog-master/katalog-master/admin/core/app/model/CategoryData.php on line 8
[20-Nov-2025 14:06:57 America/New_York] PHP Deprecated:  Creation of dynamic property CategoryData::$image is deprecated in /home/brightro/domains/catalogo.brightronix.net/public_html/katalog-master/katalog-master/admin/core/app/model/CategoryData.php on line 9
[20-Nov-2025 14:06:57 America/New_York] PHP Deprecated:  Creation of dynamic property CategoryData::$user_id is deprecated in /home/brightro/domains/catalogo.brightronix.net/public_html/katalog-master/katalog-master/admin/core/app/model/CategoryData.php on line 10
[20-Nov-2025 14:06:57 America/New_York] PHP Deprecated:  Creation of dynamic property CategoryData::$is_public is deprecated in /home/brightro/domains/catalogo.brightronix.net/public_html/katalog-master/katalog-master/admin/core/app/model/CategoryData.php on line 11
[20-Nov-2025 14:06:57 America/New_York] PHP Deprecated:  Creation of dynamic property CategoryData::$created_at is deprecated in /home/brightro/domains/catalogo.brightronix.net/public_html/katalog-master/katalog-master/admin/core/app/model/CategoryData.php on line 12
[20-Nov-2025 14:06:57 America/New_York] PHP Deprecated:  Creation of dynamic property CategoryData::$id is deprecated in /home/brightro/domains/catalogo.brightronix.net/public_html/katalog-master/katalog-master/admin/core/controller/Model.php on line 31
[20-Nov-2025 14:06:57 America/New_York] PHP Deprecated:  Creation of dynamic property CategoryData::$name is deprecated in /home/brightro/domains/catalogo.brightronix.net/public_html/katalog-master/katalog-master/admin/core/controller/Model.php on line 31
[20-Nov-2025 14:06:57 America/New_York] PHP Deprecated:  Creation of dynamic property CategoryData::$short_name is deprecated in /home/brightro/domains/catalogo.brightronix.net/public_html/katalog-master/katalog-master/admin/core/controller/Model.php on line 31
[20-Nov-2025 14:06:57 America/New_York] PHP Deprecated:  Creation of dynamic property CategoryData::$in_home is deprecated in /home/brightro/domains/catalogo.brightronix.net/public_html/katalog-master/katalog-master/admin/core/controller/Model.php on line 31
[20-Nov-2025 14:06:57 America/New_York] PHP Deprecated:  Creation of dynamic property CategoryData::$in_menu is deprecated in /home/brightro/domains/catalogo.brightronix.net/public_html/katalog-master/katalog-master/admin/core/controller/Model.php on line 31
[20-Nov-2025 14:06:57 America/New_York] PHP Deprecated:  Creation of dynamic property CategoryData::$is_active is deprecated in /home/brightro/domains/catalogo.brightronix.net/public_html/katalog-master/katalog-master/admin/core/controller/Model.php on line 31
[20-Nov-2025 14:06:57 America/New_York] PHP Deprecated:  Creation of dynamic property CategoryData::$title is deprecated in /home/brightro/domains/catalogo.brightronix.net/public_html/katalog-master/katalog-master/admin/core/app/model/CategoryData.php on line 7
[20-Nov-2025 14:06:57 America/New_York] PHP Deprecated:  Creation of dynamic property CategoryData::$content is deprecated in /home/brightro/domains/catalogo.brightronix.net/public_html/katalog-master/katalog-master/admin/core/app/model/CategoryData.php on line 8
[20-Nov-2025 14:06:57 America/New_York] PHP Deprecated:  Creation of dynamic property CategoryData::$image is deprecated in /home/brightro/domains/catalogo.brightronix.net/public_html/katalog-master/katalog-master/admin/core/app/model/CategoryData.php on line 9
[20-Nov-2025 14:06:57 America/New_York] PHP Deprecated:  Creation of dynamic property CategoryData::$user_id is deprecated in /home/brightro/domains/catalogo.brightronix.net/public_html/katalog-master/katalog-master/admin/core/app/model/CategoryData.php on line 10
[20-Nov-2025 14:06:57 America/New_York] PHP Deprecated:  Creation of dynamic property CategoryData::$is_public is deprecated in /home/brightro/domains/catalogo.brightronix.net/public_html/katalog-master/katalog-master/admin/core/app/model/CategoryData.php on line 11
[20-Nov-2025 14:06:57 America/New_York] PHP Deprecated:  Creation of dynamic property CategoryData::$created_at is deprecated in /home/brightro/domains/catalogo.brightronix.net/public_html/katalog-master/katalog-master/admin/core/app/model/CategoryData.php on line 12
[20-Nov-2025 14:06:57 America/New_York] PHP Deprecated:  Creation of dynamic property CategoryData::$id is deprecated in /home/brightro/domains/catalogo.brightronix.net/public_html/katalog-master/katalog-master/admin/core/controller/Model.php on line 31
[20-Nov-2025 14:06:57 America/New_York] PHP Deprecated:  Creation of dynamic property CategoryData::$name is deprecated in /home/brightro/domains/catalogo.brightronix.net/public_html/katalog-master/katalog-master/admin/core/controller/Model.php on line 31
[20-Nov-2025 14:06:57 America/New_York] PHP Deprecated:  Creation of dynamic property CategoryData::$short_name is deprecated in /home/brightro/domains/catalogo.brightronix.net/public_html/katalog-master/katalog-master/admin/core/controller/Model.php on line 31
[20-Nov-2025 14:06:57 America/New_York] PHP Deprecated:  Creation of dynamic property CategoryData::$in_home is deprecated in /home/brightro/domains/catalogo.brightronix.net/public_html/katalog-master/katalog-master/admin/core/controller/Model.php on line 31
[20-Nov-2025 14:06:57 America/New_York] PHP Deprecated:  Creation of dynamic property CategoryData::$in_menu is deprecated in /home/brightro/domains/catalogo.brightronix.net/public_html/katalog-master/katalog-master/admin/core/controller/Model.php on line 31
[20-Nov-2025 14:06:57 America/New_York] PHP Deprecated:  Creation of dynamic property CategoryData::$is_active is deprecated in /home/brightro/domains/catalogo.brightronix.net/public_html/katalog-master/katalog-master/admin/core/controller/Model.php on line 31
[20-Nov-2025 14:06:57 America/New_York] PHP Deprecated:  Creation of dynamic property CategoryData::$title is deprecated in /home/brightro/domains/catalogo.brightronix.net/public_html/katalog-master/katalog-master/admin/core/app/model/CategoryData.php on line 7
[20-Nov-2025 14:06:57 America/New_York] PHP Deprecated:  Creation of dynamic property CategoryData::$content is deprecated in /home/brightro/domains/catalogo.brightronix.net/public_html/katalog-master/katalog-master/admin/core/app/model/CategoryData.php on line 8
[20-Nov-2025 14:06:57 America/New_York] PHP Deprecated:  Creation of dynamic property CategoryData::$image is deprecated in /home/brightro/domains/catalogo.brightronix.net/public_html/katalog-master/katalog-master/admin/core/app/model/CategoryData.php on line 9
[20-Nov-2025 14:06:57 America/New_York] PHP Deprecated:  Creation of dynamic property CategoryData::$user_id is deprecated in /home/brightro/domains/catalogo.brightronix.net/public_html/katalog-master/katalog-master/admin/core/app/model/CategoryData.php on line 10
[20-Nov-2025 14:06:57 America/New_York] PHP Deprecated:  Creation of dynamic property CategoryData::$is_public is deprecated in /home/brightro/domains/catalogo.brightronix.net/public_html/katalog-master/katalog-master/admin/core/app/model/CategoryData.php on line 11
[20-Nov-2025 14:06:57 America/New_York] PHP Deprecated:  Creation of dynamic property CategoryData::$created_at is deprecated in /home/brightro/domains/catalogo.brightronix.net/public_html/katalog-master/katalog-master/admin/core/app/model/CategoryData.php on line 12
[20-Nov-2025 14:06:57 America/New_York] PHP Deprecated:  Creation of dynamic property CategoryData::$id is deprecated in /home/brightro/domains/catalogo.brightronix.net/public_html/katalog-master/katalog-master/admin/core/controller/Model.php on line 31
[20-Nov-2025 14:06:57 America/New_York] PHP Deprecated:  Creation of dynamic property CategoryData::$name is deprecated in /home/brightro/domains/catalogo.brightronix.net/public_html/katalog-master/katalog-master/admin/core/controller/Model.php on line 31
[20-Nov-2025 14:06:57 America/New_York] PHP Deprecated:  Creation of dynamic property CategoryData::$short_name is deprecated in /home/brightro/domains/catalogo.brightronix.net/public_html/katalog-master/katalog-master/admin/core/controller/Model.php on line 31
[20-Nov-2025 14:06:57 America/New_York] PHP Deprecated:  Creation of dynamic property CategoryData::$in_home is deprecated in /home/brightro/domains/catalogo.brightronix.net/public_html/katalog-master/katalog-master/admin/core/controller/Model.php on line 31
[20-Nov-2025 14:06:57 America/New_York] PHP Deprecated:  Creation of dynamic property CategoryData::$in_menu is deprecated in /home/brightro/domains/catalogo.brightronix.net/public_html/katalog-master/katalog-master/admin/core/controller/Model.php on line 31
[20-Nov-2025 14:06:57 America/New_York] PHP Deprecated:  Creation of dynamic property CategoryData::$is_active is deprecated in /home/brightro/domains/catalogo.brightronix.net/public_html/katalog-master/katalog-master/admin/core/controller/Model.php on line 31
[20-Nov-2025 14:06:57 America/New_York] PHP Deprecated:  Creation of dynamic property CategoryData::$title is deprecated in /home/brightro/domains/catalogo.brightronix.net/public_html/katalog-master/katalog-master/admin/core/app/model/CategoryData.php on line 7
[20-Nov-2025 14:06:57 America/New_York] PHP Deprecated:  Creation of dynamic property CategoryData::$content is deprecated in /home/brightro/domains/catalogo.brightronix.net/public_html/katalog-master/katalog-master/admin/core/app/model/CategoryData.php on line 8
[20-Nov-2025 14:06:57 America/New_York] PHP Deprecated:  Creation of dynamic property CategoryData::$image is deprecated in /home/brightro/domains/catalogo.brightronix.net/public_html/katalog-master/katalog-master/admin/core/app/model/CategoryData.php on line 9
[20-Nov-2025 14:06:57 America/New_York] PHP Deprecated:  Creation of dynamic property CategoryData::$user_id is deprecated in /home/brightro/domains/catalogo.brightronix.net/public_html/katalog-master/katalog-master/admin/core/app/model/CategoryData.php on line 10
[20-Nov-2025 14:06:57 America/New_York] PHP Deprecated:  Creation of dynamic property CategoryData::$is_public is deprecated in /home/brightro/domains/catalogo.brightronix.net/public_html/katalog-master/katalog-master/admin/core/app/model/CategoryData.php on line 11
[20-Nov-2025 14:06:57 America/New_York] PHP Deprecated:  Creation of dynamic property CategoryData::$created_at is deprecated in /home/brightro/domains/catalogo.brightronix.net/public_html/katalog-master/katalog-master/admin/core/app/model/CategoryData.php on line 12
[20-Nov-2025 14:06:57 America/New_York] PHP Deprecated:  Creation of dynamic property CategoryData::$id is deprecated in /home/brightro/domains/catalogo.brightronix.net/public_html/katalog-master/katalog-master/admin/core/controller/Model.php on line 31
[20-Nov-2025 14:06:57 America/New_York] PHP Deprecated:  Creation of dynamic property CategoryData::$name is deprecated in /home/brightro/domains/catalogo.brightronix.net/public_html/katalog-master/katalog-master/admin/core/controller/Model.php on line 31
[20-Nov-2025 14:06:57 America/New_York] PHP Deprecated:  Creation of dynamic property CategoryData::$short_name is deprecated in /home/brightro/domains/catalogo.brightronix.net/public_html/katalog-master/katalog-master/admin/core/controller/Model.php on line 31
[20-Nov-2025 14:06:57 America/New_York] PHP Deprecated:  Creation of dynamic property CategoryData::$in_home is deprecated in /home/brightro/domains/catalogo.brightronix.net/public_html/katalog-master/katalog-master/admin/core/controller/Model.php on line 31
[20-Nov-2025 14:06:57 America/New_York] PHP Deprecated:  Creation of dynamic property CategoryData::$in_menu is deprecated in /home/brightro/domains/catalogo.brightronix.net/public_html/katalog-master/katalog-master/admin/core/controller/Model.php on line 31
[20-Nov-2025 14:06:57 America/New_York] PHP Deprecated:  Creation of dynamic property CategoryData::$is_active is deprecated in /home/brightro/domains/catalogo.brightronix.net/public_html/katalog-master/katalog-master/admin/core/controller/Model.php on line 31
[20-Nov-2025 14:06:57 America/New_York] PHP Deprecated:  Creation of dynamic property CategoryData::$title is deprecated in /home/brightro/domains/catalogo.brightronix.net/public_html/katalog-master/katalog-master/admin/core/app/model/CategoryData.php on line 7
[20-Nov-2025 14:06:57 America/New_York] PHP Deprecated:  Creation of dynamic property CategoryData::$content is deprecated in /home/brightro/domains/catalogo.brightronix.net/public_html/katalog-master/katalog-master/admin/core/app/model/CategoryData.php on line 8
[20-Nov-2025 14:06:57 America/New_York] PHP Deprecated:  Creation of dynamic property CategoryData::$image is deprecated in /home/brightro/domains/catalogo.brightronix.net/public_html/katalog-master/katalog-master/admin/core/app/model/CategoryData.php on line 9
[20-Nov-2025 14:06:57 America/New_York] PHP Deprecated:  Creation of dynamic property CategoryData::$user_id is deprecated in /home/brightro/domains/catalogo.brightronix.net/public_html/katalog-master/katalog-master/admin/core/app/model/CategoryData.php on line 10
[20-Nov-2025 14:06:57 America/New_York] PHP Deprecated:  Creation of dynamic property CategoryData::$is_public is deprecated in /home/brightro/domains/catalogo.brightronix.net/public_html/katalog-master/katalog-master/admin/core/app/model/CategoryData.php on line 11
[20-Nov-2025 14:06:57 America/New_York] PHP Deprecated:  Creation of dynamic property CategoryData::$created_at is deprecated in /home/brightro/domains/catalogo.brightronix.net/public_html/katalog-master/katalog-master/admin/core/app/model/CategoryData.php on line 12
[20-Nov-2025 14:06:57 America/New_York] PHP Deprecated:  Creation of dynamic property CategoryData::$id is deprecated in /home/brightro/domains/catalogo.brightronix.net/public_html/katalog-master/katalog-master/admin/core/controller/Model.php on line 31
[20-Nov-2025 14:06:57 America/New_York] PHP Deprecated:  Creation of dynamic property CategoryData::$name is deprecated in /home/brightro/domains/catalogo.brightronix.net/public_html/katalog-master/katalog-master/admin/core/controller/Model.php on line 31
[20-Nov-2025 14:06:57 America/New_York] PHP Deprecated:  Creation of dynamic property CategoryData::$short_name is deprecated in /home/brightro/domains/catalogo.brightronix.net/public_html/katalog-master/katalog-master/admin/core/controller/Model.php on line 31
[20-Nov-2025 14:06:57 America/New_York] PHP Deprecated:  Creation of dynamic property CategoryData::$in_home is deprecated in /home/brightro/domains/catalogo.brightronix.net/public_html/katalog-master/katalog-master/admin/core/controller/Model.php on line 31
[20-Nov-2025 14:06:57 America/New_York] PHP Deprecated:  Creation of dynamic property CategoryData::$in_menu is deprecated in /home/brightro/domains/catalogo.brightronix.net/public_html/katalog-master/katalog-master/admin/core/controller/Model.php on line 31
[20-Nov-2025 14:06:57 America/New_York] PHP Deprecated:  Creation of dynamic property CategoryData::$is_active is deprecated in /home/brightro/domains/catalogo.brightronix.net/public_html/katalog-master/katalog-master/admin/core/controller/Model.php on line 31
[20-Nov-2025 14:06:57 America/New_York] PHP Deprecated:  Creation of dynamic property CategoryData::$title is deprecated in /home/brightro/domains/catalogo.brightronix.net/public_html/katalog-master/katalog-master/admin/core/app/model/CategoryData.php on line 7
[20-Nov-2025 14:06:57 America/New_York] PHP Deprecated:  Creation of dynamic property CategoryData::$content is deprecated in /home/brightro/domains/catalogo.brightronix.net/public_html/katalog-master/katalog-master/admin/core/app/model/CategoryData.php on line 8
[20-Nov-2025 14:06:57 America/New_York] PHP Deprecated:  Creation of dynamic property CategoryData::$image is deprecated in /home/brightro/domains/catalogo.brightronix.net/public_html/katalog-master/katalog-master/admin/core/app/model/CategoryData.php on line 9
[20-Nov-2025 14:06:57 America/New_York] PHP Deprecated:  Creation of dynamic property CategoryData::$user_id is deprecated in /home/brightro/domains/catalogo.brightronix.net/public_html/katalog-master/katalog-master/admin/core/app/model/CategoryData.php on line 10
[20-Nov-2025 14:06:57 America/New_York] PHP Deprecated:  Creation of dynamic property CategoryData::$is_public is deprecated in /home/brightro/domains/catalogo.brightronix.net/public_html/katalog-master/katalog-master/admin/core/app/model/CategoryData.php on line 11
[20-Nov-2025 14:06:57 America/New_York] PHP Deprecated:  Creation of dynamic property CategoryData::$created_at is deprecated in /home/brightro/domains/catalogo.brightronix.net/public_html/katalog-master/katalog-master/admin/core/app/model/CategoryData.php on line 12
[20-Nov-2025 14:06:57 America/New_York] PHP Deprecated:  Creation of dynamic property CategoryData::$id is deprecated in /home/brightro/domains/catalogo.brightronix.net/public_html/katalog-master/katalog-master/admin/core/controller/Model.php on line 31
[20-Nov-2025 14:06:57 America/New_York] PHP Deprecated:  Creation of dynamic property CategoryData::$name is deprecated in /home/brightro/domains/catalogo.brightronix.net/public_html/katalog-master/katalog-master/admin/core/controller/Model.php on line 31
[20-Nov-2025 14:06:57 America/New_York] PHP Deprecated:  Creation of dynamic property CategoryData::$short_name is deprecated in /home/brightro/domains/catalogo.brightronix.net/public_html/katalog-master/katalog-master/admin/core/controller/Model.php on line 31
[20-Nov-2025 14:06:57 America/New_York] PHP Deprecated:  Creation of dynamic property CategoryData::$in_home is deprecated in /home/brightro/domains/catalogo.brightronix.net/public_html/katalog-master/katalog-master/admin/core/controller/Model.php on line 31
[20-Nov-2025 14:06:57 America/New_York] PHP Deprecated:  Creation of dynamic property CategoryData::$in_menu is deprecated in /home/brightro/domains/catalogo.brightronix.net/public_html/katalog-master/katalog-master/admin/core/controller/Model.php on line 31
[20-Nov-2025 14:06:57 America/New_York] PHP Deprecated:  Creation of dynamic property CategoryData::$is_active is deprecated in /home/brightro/domains/catalogo.brightronix.net/public_html/katalog-master/katalog-master/admin/core/controller/Model.php on line 31
[20-Nov-2025 14:06:57 America/New_York] PHP Deprecated:  Creation of dynamic property CategoryData::$title is deprecated in /home/brightro/domains/catalogo.brightronix.net/public_html/katalog-master/katalog-master/admin/core/app/model/CategoryData.php on line 7
[20-Nov-2025 14:06:57 America/New_York] PHP Deprecated:  Creation of dynamic property CategoryData::$content is deprecated in /home/brightro/domains/catalogo.brightronix.net/public_html/katalog-master/katalog-master/admin/core/app/model/CategoryData.php on line 8
[20-Nov-2025 14:06:57 America/New_York] PHP Deprecated:  Creation of dynamic property CategoryData::$image is deprecated in /home/brightro/domains/catalogo.brightronix.net/public_html/katalog-master/katalog-master/admin/core/app/model/CategoryData.php on line 9
[20-Nov-2025 14:06:57 America/New_York] PHP Deprecated:  Creation of dynamic property CategoryData::$user_id is deprecated in /home/brightro/domains/catalogo.brightronix.net/public_html/katalog-master/katalog-master/admin/core/app/model/CategoryData.php on line 10
[20-Nov-2025 14:06:57 America/New_York] PHP Deprecated:  Creation of dynamic property CategoryData::$is_public is deprecated in /home/brightro/domains/catalogo.brightronix.net/public_html/katalog-master/katalog-master/admin/core/app/model/CategoryData.php on line 11
[20-Nov-2025 14:06:57 America/New_York] PHP Deprecated:  Creation of dynamic property CategoryData::$created_at is deprecated in /home/brightro/domains/catalogo.brightronix.net/public_html/katalog-master/katalog-master/admin/core/app/model/CategoryData.php on line 12
[20-Nov-2025 14:06:57 America/New_York] PHP Deprecated:  Creation of dynamic property CategoryData::$id is deprecated in /home/brightro/domains/catalogo.brightronix.net/public_html/katalog-master/katalog-master/admin/core/controller/Model.php on line 31
[20-Nov-2025 14:06:57 America/New_York] PHP Deprecated:  Creation of dynamic property CategoryData::$name is deprecated in /home/brightro/domains/catalogo.brightronix.net/public_html/katalog-master/katalog-master/admin/core/controller/Model.php on line 31
[20-Nov-2025 14:06:57 America/New_York] PHP Deprecated:  Creation of dynamic property CategoryData::$short_name is deprecated in /home/brightro/domains/catalogo.brightronix.net/public_html/katalog-master/katalog-master/admin/core/controller/Model.php on line 31
[20-Nov-2025 14:06:57 America/New_York] PHP Deprecated:  Creation of dynamic property CategoryData::$in_home is deprecated in /home/brightro/domains/catalogo.brightronix.net/public_html/katalog-master/katalog-master/admin/core/controller/Model.php on line 31
[20-Nov-2025 14:06:57 America/New_York] PHP Deprecated:  Creation of dynamic property CategoryData::$in_menu is deprecated in /home/brightro/domains/catalogo.brightronix.net/public_html/katalog-master/katalog-master/admin/core/controller/Model.php on line 31
[20-Nov-2025 14:06:57 America/New_York] PHP Deprecated:  Creation of dynamic property CategoryData::$is_active is deprecated in /home/brightro/domains/catalogo.brightronix.net/public_html/katalog-master/katalog-master/admin/core/controller/Model.php on line 31
[20-Nov-2025 14:06:57 America/New_York] PHP Deprecated:  Creation of dynamic property CategoryData::$title is deprecated in /home/brightro/domains/catalogo.brightronix.net/public_html/katalog-master/katalog-master/admin/core/app/model/CategoryData.php on line 7
[20-Nov-2025 14:06:57 America/New_York] PHP Deprecated:  Creation of dynamic property CategoryData::$content is deprecated in /home/brightro/domains/catalogo.brightronix.net/public_html/katalog-master/katalog-master/admin/core/app/model/CategoryData.php on line 8
[20-Nov-2025 14:06:57 America/New_York] PHP Deprecated:  Creation of dynamic property CategoryData::$image is deprecated in /home/brightro/domains/catalogo.brightronix.net/public_html/katalog-master/katalog-master/admin/core/app/model/CategoryData.php on line 9
[20-Nov-2025 14:06:57 America/New_York] PHP Deprecated:  Creation of dynamic property CategoryData::$user_id is deprecated in /home/brightro/domains/catalogo.brightronix.net/public_html/katalog-master/katalog-master/admin/core/app/model/CategoryData.php on line 10
[20-Nov-2025 14:06:57 America/New_York] PHP Deprecated:  Creation of dynamic property CategoryData::$is_public is deprecated in /home/brightro/domains/catalogo.brightronix.net/public_html/katalog-master/katalog-master/admin/core/app/model/CategoryData.php on line 11
[20-Nov-2025 14:06:57 America/New_York] PHP Deprecated:  Creation of dynamic property CategoryData::$created_at is deprecated in /home/brightro/domains/catalogo.brightronix.net/public_html/katalog-master/katalog-master/admin/core/app/model/CategoryData.php on line 12
[20-Nov-2025 14:06:57 America/New_York] PHP Deprecated:  Creation of dynamic property CategoryData::$id is deprecated in /home/brightro/domains/catalogo.brightronix.net/public_html/katalog-master/katalog-master/admin/core/controller/Model.php on line 31
[20-Nov-2025 14:06:57 America/New_York] PHP Deprecated:  Creation of dynamic property CategoryData::$name is deprecated in /home/brightro/domains/catalogo.brightronix.net/public_html/katalog-master/katalog-master/admin/core/controller/Model.php on line 31
[20-Nov-2025 14:06:57 America/New_York] PHP Deprecated:  Creation of dynamic property CategoryData::$short_name is deprecated in /home/brightro/domains/catalogo.brightronix.net/public_html/katalog-master/katalog-master/admin/core/controller/Model.php on line 31
[20-Nov-2025 14:06:57 America/New_York] PHP Deprecated:  Creation of dynamic property CategoryData::$in_home is deprecated in /home/brightro/domains/catalogo.brightronix.net/public_html/katalog-master/katalog-master/admin/core/controller/Model.php on line 31
[20-Nov-2025 14:06:57 America/New_York] PHP Deprecated:  Creation of dynamic property CategoryData::$in_menu is deprecated in /home/brightro/domains/catalogo.brightronix.net/public_html/katalog-master/katalog-master/admin/core/controller/Model.php on line 31
[20-Nov-2025 14:06:57 America/New_York] PHP Deprecated:  Creation of dynamic property CategoryData::$is_active is deprecated in /home/brightro/domains/catalogo.brightronix.net/public_html/katalog-master/katalog-master/admin/core/controller/Model.php on line 31
[20-Nov-2025 14:06:57 America/New_York] PHP Deprecated:  Creation of dynamic property CategoryData::$title is deprecated in /home/brightro/domains/catalogo.brightronix.net/public_html/katalog-master/katalog-master/admin/core/app/model/CategoryData.php on line 7
[20-Nov-2025 14:06:57 America/New_York] PHP Deprecated:  Creation of dynamic property CategoryData::$content is deprecated in /home/brightro/domains/catalogo.brightronix.net/public_html/katalog-master/katalog-master/admin/core/app/model/CategoryData.php on line 8
[20-Nov-2025 14:06:57 America/New_York] PHP Deprecated:  Creation of dynamic property CategoryData::$image is deprecated in /home/brightro/domains/catalogo.brightronix.net/public_html/katalog-master/katalog-master/admin/core/app/model/CategoryData.php on line 9
[20-Nov-2025 14:06:57 America/New_York] PHP Deprecated:  Creation of dynamic property CategoryData::$user_id is deprecated in /home/brightro/domains/catalogo.brightronix.net/public_html/katalog-master/katalog-master/admin/core/app/model/CategoryData.php on line 10
[20-Nov-2025 14:06:57 America/New_York] PHP Deprecated:  Creation of dynamic property CategoryData::$is_public is deprecated in /home/brightro/domains/catalogo.brightronix.net/public_html/katalog-master/katalog-master/admin/core/app/model/CategoryData.php on line 11
[20-Nov-2025 14:06:57 America/New_York] PHP Deprecated:  Creation of dynamic property CategoryData::$created_at is deprecated in /home/brightro/domains/catalogo.brightronix.net/public_html/katalog-master/katalog-master/admin/core/app/model/CategoryData.php on line 12
[20-Nov-2025 14:06:57 America/New_York] PHP Deprecated:  Creation of dynamic property CategoryData::$id is deprecated in /home/brightro/domains/catalogo.brightronix.net/public_html/katalog-master/katalog-master/admin/core/controller/Model.php on line 31
[20-Nov-2025 14:06:57 America/New_York] PHP Deprecated:  Creation of dynamic property CategoryData::$name is deprecated in /home/brightro/domains/catalogo.brightronix.net/public_html/katalog-master/katalog-master/admin/core/controller/Model.php on line 31
[20-Nov-2025 14:06:57 America/New_York] PHP Deprecated:  Creation of dynamic property CategoryData::$short_name is deprecated in /home/brightro/domains/catalogo.brightronix.net/public_html/katalog-master/katalog-master/admin/core/controller/Model.php on line 31
[20-Nov-2025 14:06:57 America/New_York] PHP Deprecated:  Creation of dynamic property CategoryData::$in_home is deprecated in /home/brightro/domains/catalogo.brightronix.net/public_html/katalog-master/katalog-master/admin/core/controller/Model.php on line 31
[20-Nov-2025 14:06:57 America/New_York] PHP Deprecated:  Creation of dynamic property CategoryData::$in_menu is deprecated in /home/brightro/domains/catalogo.brightronix.net/public_html/katalog-master/katalog-master/admin/core/controller/Model.php on line 31
[20-Nov-2025 14:06:57 America/New_York] PHP Deprecated:  Creation of dynamic property CategoryData::$is_active is deprecated in /home/brightro/domains/catalogo.brightronix.net/public_html/katalog-master/katalog-master/admin/core/controller/Model.php on line 31
[20-Nov-2025 14:06:57 America/New_York] PHP Deprecated:  Creation of dynamic property CategoryData::$title is deprecated in /home/brightro/domains/catalogo.brightronix.net/public_html/katalog-master/katalog-master/admin/core/app/model/CategoryData.php on line 7
[20-Nov-2025 14:06:57 America/New_York] PHP Deprecated:  Creation of dynamic property CategoryData::$content is deprecated in /home/brightro/domains/catalogo.brightronix.net/public_html/katalog-master/katalog-master/admin/core/app/model/CategoryData.php on line 8
[20-Nov-2025 14:06:57 America/New_York] PHP Deprecated:  Creation of dynamic property CategoryData::$image is deprecated in /home/brightro/domains/catalogo.brightronix.net/public_html/katalog-master/katalog-master/admin/core/app/model/CategoryData.php on line 9
[20-Nov-2025 14:06:57 America/New_York] PHP Deprecated:  Creation of dynamic property CategoryData::$user_id is deprecated in /home/brightro/domains/catalogo.brightronix.net/public_html/katalog-master/katalog-master/admin/core/app/model/CategoryData.php on line 10
[20-Nov-2025 14:06:57 America/New_York] PHP Deprecated:  Creation of dynamic property CategoryData::$is_public is deprecated in /home/brightro/domains/catalogo.brightronix.net/public_html/katalog-master/katalog-master/admin/core/app/model/CategoryData.php on line 11
[20-Nov-2025 14:06:57 America/New_York] PHP Deprecated:  Creation of dynamic property CategoryData::$created_at is deprecated in /home/brightro/domains/catalogo.brightronix.net/public_html/katalog-master/katalog-master/admin/core/app/model/CategoryData.php on line 12
[20-Nov-2025 14:06:57 America/New_York] PHP Deprecated:  Creation of dynamic property CategoryData::$id is deprecated in /home/brightro/domains/catalogo.brightronix.net/public_html/katalog-master/katalog-master/admin/core/controller/Model.php on line 31
[20-Nov-2025 14:06:57 America/New_York] PHP Deprecated:  Creation of dynamic property CategoryData::$name is deprecated in /home/brightro/domains/catalogo.brightronix.net/public_html/katalog-master/katalog-master/admin/core/controller/Model.php on line 31
[20-Nov-2025 14:06:57 America/New_York] PHP Deprecated:  Creation of dynamic property CategoryData::$short_name is deprecated in /home/brightro/domains/catalogo.brightronix.net/public_html/katalog-master/katalog-master/admin/core/controller/Model.php on line 31
[20-Nov-2025 14:06:57 America/New_York] PHP Deprecated:  Creation of dynamic property CategoryData::$in_home is deprecated in /home/brightro/domains/catalogo.brightronix.net/public_html/katalog-master/katalog-master/admin/core/controller/Model.php on line 31
[20-Nov-2025 14:06:57 America/New_York] PHP Deprecated:  Creation of dynamic property CategoryData::$in_menu is deprecated in /home/brightro/domains/catalogo.brightronix.net/public_html/katalog-master/katalog-master/admin/core/controller/Model.php on line 31
[20-Nov-2025 14:06:57 America/New_York] PHP Deprecated:  Creation of dynamic property CategoryData::$is_active is deprecated in /home/brightro/domains/catalogo.brightronix.net/public_html/katalog-master/katalog-master/admin/core/controller/Model.php on line 31
[20-Nov-2025 14:06:57 America/New_York] PHP Deprecated:  Creation of dynamic property CategoryData::$title is deprecated in /home/brightro/domains/catalogo.brightronix.net/public_html/katalog-master/katalog-master/admin/core/app/model/CategoryData.php on line 7
[20-Nov-2025 14:06:57 America/New_York] PHP Deprecated:  Creation of dynamic property CategoryData::$content is deprecated in /home/brightro/domains/catalogo.brightronix.net/public_html/katalog-master/katalog-master/admin/core/app/model/CategoryData.php on line 8
[20-Nov-2025 14:06:57 America/New_York] PHP Deprecated:  Creation of dynamic property CategoryData::$image is deprecated in /home/brightro/domains/catalogo.brightronix.net/public_html/katalog-master/katalog-master/admin/core/app/model/CategoryData.php on line 9
[20-Nov-2025 14:06:57 America/New_York] PHP Deprecated:  Creation of dynamic property CategoryData::$user_id is deprecated in /home/brightro/domains/catalogo.brightronix.net/public_html/katalog-master/katalog-master/admin/core/app/model/CategoryData.php on line 10
[20-Nov-2025 14:06:57 America/New_York] PHP Deprecated:  Creation of dynamic property CategoryData::$is_public is deprecated in /home/brightro/domains/catalogo.brightronix.net/public_html/katalog-master/katalog-master/admin/core/app/model/CategoryData.php on line 11
[20-Nov-2025 14:06:57 America/New_York] PHP Deprecated:  Creation of dynamic property CategoryData::$created_at is deprecated in /home/brightro/domains/catalogo.brightronix.net/public_html/katalog-master/katalog-master/admin/core/app/model/CategoryData.php on line 12
[20-Nov-2025 14:06:57 America/New_York] PHP Deprecated:  Creation of dynamic property CategoryData::$id is deprecated in /home/brightro/domains/catalogo.brightronix.net/public_html/katalog-master/katalog-master/admin/core/controller/Model.php on line 31
[20-Nov-2025 14:06:57 America/New_York] PHP Deprecated:  Creation of dynamic property CategoryData::$name is deprecated in /home/brightro/domains/catalogo.brightronix.net/public_html/katalog-master/katalog-master/admin/core/controller/Model.php on line 31
[20-Nov-2025 14:06:57 America/New_York] PHP Deprecated:  Creation of dynamic property CategoryData::$short_name is deprecated in /home/brightro/domains/catalogo.brightronix.net/public_html/katalog-master/katalog-master/admin/core/controller/Model.php on line 31
[20-Nov-2025 14:06:57 America/New_York] PHP Deprecated:  Creation of dynamic property CategoryData::$in_home is deprecated in /home/brightro/domains/catalogo.brightronix.net/public_html/katalog-master/katalog-master/admin/core/controller/Model.php on line 31
[20-Nov-2025 14:06:57 America/New_York] PHP Deprecated:  Creation of dynamic property CategoryData::$in_menu is deprecated in /home/brightro/domains/catalogo.brightronix.net/public_html/katalog-master/katalog-master/admin/core/controller/Model.php on line 31
[20-Nov-2025 14:06:57 America/New_York] PHP Deprecated:  Creation of dynamic property CategoryData::$is_active is deprecated in /home/brightro/domains/catalogo.brightronix.net/public_html/katalog-master/katalog-master/admin/core/controller/Model.php on line 31
[20-Nov-2025 14:06:57 America/New_York] PHP Deprecated:  Creation of dynamic property CategoryData::$title is deprecated in /home/brightro/domains/catalogo.brightronix.net/public_html/katalog-master/katalog-master/admin/core/app/model/CategoryData.php on line 7
[20-Nov-2025 14:06:57 America/New_York] PHP Deprecated:  Creation of dynamic property CategoryData::$content is deprecated in /home/brightro/domains/catalogo.brightronix.net/public_html/katalog-master/katalog-master/admin/core/app/model/CategoryData.php on line 8
[20-Nov-2025 14:06:57 America/New_York] PHP Deprecated:  Creation of dynamic property CategoryData::$image is deprecated in /home/brightro/domains/catalogo.brightronix.net/public_html/katalog-master/katalog-master/admin/core/app/model/CategoryData.php on line 9
[20-Nov-2025 14:06:57 America/New_York] PHP Deprecated:  Creation of dynamic property CategoryData::$user_id is deprecated in /home/brightro/domains/catalogo.brightronix.net/public_html/katalog-master/katalog-master/admin/core/app/model/CategoryData.php on line 10
[20-Nov-2025 14:06:57 America/New_York] PHP Deprecated:  Creation of dynamic property CategoryData::$is_public is deprecated in /home/brightro/domains/catalogo.brightronix.net/public_html/katalog-master/katalog-master/admin/core/app/model/CategoryData.php on line 11
[20-Nov-2025 14:06:57 America/New_York] PHP Deprecated:  Creation of dynamic property CategoryData::$created_at is deprecated in /home/brightro/domains/catalogo.brightronix.net/public_html/katalog-master/katalog-master/admin/core/app/model/CategoryData.php on line 12
[20-Nov-2025 14:06:57 America/New_York] PHP Deprecated:  Creation of dynamic property CategoryData::$id is deprecated in /home/brightro/domains/catalogo.brightronix.net/public_html/katalog-master/katalog-master/admin/core/controller/Model.php on line 31
[20-Nov-2025 14:06:57 America/New_York] PHP Deprecated:  Creation of dynamic property CategoryData::$name is deprecated in /home/brightro/domains/catalogo.brightronix.net/public_html/katalog-master/katalog-master/admin/core/controller/Model.php on line 31
[20-Nov-2025 14:06:57 America/New_York] PHP Deprecated:  Creation of dynamic property CategoryData::$short_name is deprecated in /home/brightro/domains/catalogo.brightronix.net/public_html/katalog-master/katalog-master/admin/core/controller/Model.php on line 31
[20-Nov-2025 14:06:57 America/New_York] PHP Deprecated:  Creation of dynamic property CategoryData::$in_home is deprecated in /home/brightro/domains/catalogo.brightronix.net/public_html/katalog-master/katalog-master/admin/core/controller/Model.php on line 31
[20-Nov-2025 14:06:57 America/New_York] PHP Deprecated:  Creation of dynamic property CategoryData::$in_menu is deprecated in /home/brightro/domains/catalogo.brightronix.net/public_html/katalog-master/katalog-master/admin/core/controller/Model.php on line 31
[20-Nov-2025 14:06:57 America/New_York] PHP Deprecated:  Creation of dynamic property CategoryData::$is_active is deprecated in /home/brightro/domains/catalogo.brightronix.net/public_html/katalog-master/katalog-master/admin/core/controller/Model.php on line 31
[20-Nov-2025 14:06:57 America/New_York] PHP Deprecated:  Creation of dynamic property CategoryData::$title is deprecated in /home/brightro/domains/catalogo.brightronix.net/public_html/katalog-master/katalog-master/admin/core/app/model/CategoryData.php on line 7
[20-Nov-2025 14:06:57 America/New_York] PHP Deprecated:  Creation of dynamic property CategoryData::$content is deprecated in /home/brightro/domains/catalogo.brightronix.net/public_html/katalog-master/katalog-master/admin/core/app/model/CategoryData.php on line 8
[20-Nov-2025 14:06:57 America/New_York] PHP Deprecated:  Creation of dynamic property CategoryData::$image is deprecated in /home/brightro/domains/catalogo.brightronix.net/public_html/katalog-master/katalog-master/admin/core/app/model/CategoryData.php on line 9
[20-Nov-2025 14:06:57 America/New_York] PHP Deprecated:  Creation of dynamic property CategoryData::$user_id is deprecated in /home/brightro/domains/catalogo.brightronix.net/public_html/katalog-master/katalog-master/admin/core/app/model/CategoryData.php on line 10
[20-Nov-2025 14:06:57 America/New_York] PHP Deprecated:  Creation of dynamic property CategoryData::$is_public is deprecated in /home/brightro/domains/catalogo.brightronix.net/public_html/katalog-master/katalog-master/admin/core/app/model/CategoryData.php on line 11
[20-Nov-2025 14:06:57 America/New_York] PHP Deprecated:  Creation of dynamic property CategoryData::$created_at is deprecated in /home/brightro/domains/catalogo.brightronix.net/public_html/katalog-master/katalog-master/admin/core/app/model/CategoryData.php on line 12
[20-Nov-2025 14:06:57 America/New_York] PHP Deprecated:  Creation of dynamic property CategoryData::$id is deprecated in /home/brightro/domains/catalogo.brightronix.net/public_html/katalog-master/katalog-master/admin/core/controller/Model.php on line 31
[20-Nov-2025 14:06:57 America/New_York] PHP Deprecated:  Creation of dynamic property CategoryData::$name is deprecated in /home/brightro/domains/catalogo.brightronix.net/public_html/katalog-master/katalog-master/admin/core/controller/Model.php on line 31
[20-Nov-2025 14:06:57 America/New_York] PHP Deprecated:  Creation of dynamic property CategoryData::$short_name is deprecated in /home/brightro/domains/catalogo.brightronix.net/public_html/katalog-master/katalog-master/admin/core/controller/Model.php on line 31
[20-Nov-2025 14:06:57 America/New_York] PHP Deprecated:  Creation of dynamic property CategoryData::$in_home is deprecated in /home/brightro/domains/catalogo.brightronix.net/public_html/katalog-master/katalog-master/admin/core/controller/Model.php on line 31
[20-Nov-2025 14:06:57 America/New_York] PHP Deprecated:  Creation of dynamic property CategoryData::$in_menu is deprecated in /home/brightro/domains/catalogo.brightronix.net/public_html/katalog-master/katalog-master/admin/core/controller/Model.php on line 31
[20-Nov-2025 14:06:57 America/New_York] PHP Deprecated:  Creation of dynamic property CategoryData::$is_active is deprecated in /home/brightro/domains/catalogo.brightronix.net/public_html/katalog-master/katalog-master/admin/core/controller/Model.php on line 31
[20-Nov-2025 14:07:14 America/New_York] PHP Deprecated:  Creation of dynamic property Database::$user is deprecated in /home/brightro/domains/catalogo.brightronix.net/public_html/katalog-master/katalog-master/admin/core/controller/Database.php on line 7
[20-Nov-2025 14:07:14 America/New_York] PHP Deprecated:  Creation of dynamic property Database::$pass is deprecated in /home/brightro/domains/catalogo.brightronix.net/public_html/katalog-master/katalog-master/admin/core/controller/Database.php on line 8
[20-Nov-2025 14:07:14 America/New_York] PHP Deprecated:  Creation of dynamic property Database::$host is deprecated in /home/brightro/domains/catalogo.brightronix.net/public_html/katalog-master/katalog-master/admin/core/controller/Database.php on line 9
[20-Nov-2025 14:07:14 America/New_York] PHP Deprecated:  Creation of dynamic property Database::$ddbb is deprecated in /home/brightro/domains/catalogo.brightronix.net/public_html/katalog-master/katalog-master/admin/core/controller/Database.php on line 10
[20-Nov-2025 14:07:15 America/New_York] PHP Deprecated:  Creation of dynamic property Database::$user is deprecated in /home/brightro/domains/catalogo.brightronix.net/public_html/katalog-master/katalog-master/admin/core/controller/Database.php on line 7
[20-Nov-2025 14:07:15 America/New_York] PHP Deprecated:  Creation of dynamic property Database::$pass is deprecated in /home/brightro/domains/catalogo.brightronix.net/public_html/katalog-master/katalog-master/admin/core/controller/Database.php on line 8
[20-Nov-2025 14:07:15 America/New_York] PHP Deprecated:  Creation of dynamic property Database::$host is deprecated in /home/brightro/domains/catalogo.brightronix.net/public_html/katalog-master/katalog-master/admin/core/controller/Database.php on line 9
[20-Nov-2025 14:07:15 America/New_York] PHP Deprecated:  Creation of dynamic property Database::$ddbb is deprecated in /home/brightro/domains/catalogo.brightronix.net/public_html/katalog-master/katalog-master/admin/core/controller/Database.php on line 10
[20-Nov-2025 14:07:15 America/New_York] PHP Deprecated:  Creation of dynamic property UserData::$name is deprecated in /home/brightro/domains/catalogo.brightronix.net/public_html/katalog-master/katalog-master/admin/core/app/model/UserData.php on line 6
[20-Nov-2025 14:07:15 America/New_York] PHP Deprecated:  Creation of dynamic property UserData::$lastname is deprecated in /home/brightro/domains/catalogo.brightronix.net/public_html/katalog-master/katalog-master/admin/core/app/model/UserData.php on line 7
[20-Nov-2025 14:07:15 America/New_York] PHP Deprecated:  Creation of dynamic property UserData::$email is deprecated in /home/brightro/domains/catalogo.brightronix.net/public_html/katalog-master/katalog-master/admin/core/app/model/UserData.php on line 8
[20-Nov-2025 14:07:15 America/New_York] PHP Deprecated:  Creation of dynamic property UserData::$username is deprecated in /home/brightro/domains/catalogo.brightronix.net/public_html/katalog-master/katalog-master/admin/core/app/model/UserData.php on line 9
[20-Nov-2025 14:07:15 America/New_York] PHP Deprecated:  Creation of dynamic property UserData::$password is deprecated in /home/brightro/domains/catalogo.brightronix.net/public_html/katalog-master/katalog-master/admin/core/app/model/UserData.php on line 10
[20-Nov-2025 14:07:15 America/New_York] PHP Deprecated:  Creation of dynamic property UserData::$created_at is deprecated in /home/brightro/domains/catalogo.brightronix.net/public_html/katalog-master/katalog-master/admin/core/app/model/UserData.php on line 11
[20-Nov-2025 14:07:15 America/New_York] PHP Deprecated:  Creation of dynamic property UserData::$id is deprecated in /home/brightro/domains/catalogo.brightronix.net/public_html/katalog-master/katalog-master/admin/core/app/model/UserData.php on line 97
[20-Nov-2025 14:07:15 America/New_York] PHP Deprecated:  Creation of dynamic property UserData::$is_active is deprecated in /home/brightro/domains/catalogo.brightronix.net/public_html/katalog-master/katalog-master/admin/core/app/model/UserData.php on line 97
[20-Nov-2025 14:07:15 America/New_York] PHP Deprecated:  Creation of dynamic property Database::$user is deprecated in /home/brightro/domains/catalogo.brightronix.net/public_html/katalog-master/katalog-master/admin/core/controller/Database.php on line 7
[20-Nov-2025 14:07:15 America/New_York] PHP Deprecated:  Creation of dynamic property Database::$pass is deprecated in /home/brightro/domains/catalogo.brightronix.net/public_html/katalog-master/katalog-master/admin/core/controller/Database.php on line 8
[20-Nov-2025 14:07:15 America/New_York] PHP Deprecated:  Creation of dynamic property Database::$host is deprecated in /home/brightro/domains/catalogo.brightronix.net/public_html/katalog-master/katalog-master/admin/core/controller/Database.php on line 9
[20-Nov-2025 14:07:15 America/New_York] PHP Deprecated:  Creation of dynamic property Database::$ddbb is deprecated in /home/brightro/domains/catalogo.brightronix.net/public_html/katalog-master/katalog-master/admin/core/controller/Database.php on line 10
[20-Nov-2025 14:07:15 America/New_York] PHP Deprecated:  Creation of dynamic property CategoryData::$title is deprecated in /home/brightro/domains/catalogo.brightronix.net/public_html/katalog-master/katalog-master/admin/core/app/model/CategoryData.php on line 7
[20-Nov-2025 14:07:15 America/New_York] PHP Deprecated:  Creation of dynamic property CategoryData::$content is deprecated in /home/brightro/domains/catalogo.brightronix.net/public_html/katalog-master/katalog-master/admin/core/app/model/CategoryData.php on line 8
[20-Nov-2025 14:07:15 America/New_York] PHP Deprecated:  Creation of dynamic property CategoryData::$image is deprecated in /home/brightro/domains/catalogo.brightronix.net/public_html/katalog-master/katalog-master/admin/core/app/model/CategoryData.php on line 9
[20-Nov-2025 14:07:15 America/New_York] PHP Deprecated:  Creation of dynamic property CategoryData::$user_id is deprecated in /home/brightro/domains/catalogo.brightronix.net/public_html/katalog-master/katalog-master/admin/core/app/model/CategoryData.php on line 10
[20-Nov-2025 14:07:15 America/New_York] PHP Deprecated:  Creation of dynamic property CategoryData::$is_public is deprecated in /home/brightro/domains/catalogo.brightronix.net/public_html/katalog-master/katalog-master/admin/core/app/model/CategoryData.php on line 11
[20-Nov-2025 14:07:15 America/New_York] PHP Deprecated:  Creation of dynamic property CategoryData::$created_at is deprecated in /home/brightro/domains/catalogo.brightronix.net/public_html/katalog-master/katalog-master/admin/core/app/model/CategoryData.php on line 12
[20-Nov-2025 14:07:15 America/New_York] PHP Deprecated:  Creation of dynamic property CategoryData::$title is deprecated in /home/brightro/domains/catalogo.brightronix.net/public_html/katalog-master/katalog-master/admin/core/app/model/CategoryData.php on line 7
[20-Nov-2025 14:07:15 America/New_York] PHP Deprecated:  Creation of dynamic property CategoryData::$content is deprecated in /home/brightro/domains/catalogo.brightronix.net/public_html/katalog-master/katalog-master/admin/core/app/model/CategoryData.php on line 8
[20-Nov-2025 14:07:15 America/New_York] PHP Deprecated:  Creation of dynamic property CategoryData::$image is deprecated in /home/brightro/domains/catalogo.brightronix.net/public_html/katalog-master/katalog-master/admin/core/app/model/CategoryData.php on line 9
[20-Nov-2025 14:07:15 America/New_York] PHP Deprecated:  Creation of dynamic property CategoryData::$user_id is deprecated in /home/brightro/domains/catalogo.brightronix.net/public_html/katalog-master/katalog-master/admin/core/app/model/CategoryData.php on line 10
[20-Nov-2025 14:07:15 America/New_York] PHP Deprecated:  Creation of dynamic property CategoryData::$is_public is deprecated in /home/brightro/domains/catalogo.brightronix.net/public_html/katalog-master/katalog-master/admin/core/app/model/CategoryData.php on line 11
[20-Nov-2025 14:07:15 America/New_York] PHP Deprecated:  Creation of dynamic property CategoryData::$created_at is deprecated in /home/brightro/domains/catalogo.brightronix.net/public_html/katalog-master/katalog-master/admin/core/app/model/CategoryData.php on line 12
[20-Nov-2025 14:07:15 America/New_York] PHP Deprecated:  Creation of dynamic property CategoryData::$id is deprecated in /home/brightro/domains/catalogo.brightronix.net/public_html/katalog-master/katalog-master/admin/core/controller/Model.php on line 31
[20-Nov-2025 14:07:15 America/New_York] PHP Deprecated:  Creation of dynamic property CategoryData::$name is deprecated in /home/brightro/domains/catalogo.brightronix.net/public_html/katalog-master/katalog-master/admin/core/controller/Model.php on line 31
[20-Nov-2025 14:07:15 America/New_York] PHP Deprecated:  Creation of dynamic property CategoryData::$short_name is deprecated in /home/brightro/domains/catalogo.brightronix.net/public_html/katalog-master/katalog-master/admin/core/controller/Model.php on line 31
[20-Nov-2025 14:07:15 America/New_York] PHP Deprecated:  Creation of dynamic property CategoryData::$in_home is deprecated in /home/brightro/domains/catalogo.brightronix.net/public_html/katalog-master/katalog-master/admin/core/controller/Model.php on line 31
[20-Nov-2025 14:07:15 America/New_York] PHP Deprecated:  Creation of dynamic property CategoryData::$in_menu is deprecated in /home/brightro/domains/catalogo.brightronix.net/public_html/katalog-master/katalog-master/admin/core/controller/Model.php on line 31
[20-Nov-2025 14:07:15 America/New_York] PHP Deprecated:  Creation of dynamic property CategoryData::$is_active is deprecated in /home/brightro/domains/catalogo.brightronix.net/public_html/katalog-master/katalog-master/admin/core/controller/Model.php on line 31
[20-Nov-2025 14:07:15 America/New_York] PHP Deprecated:  Creation of dynamic property CategoryData::$title is deprecated in /home/brightro/domains/catalogo.brightronix.net/public_html/katalog-master/katalog-master/admin/core/app/model/CategoryData.php on line 7
[20-Nov-2025 14:07:15 America/New_York] PHP Deprecated:  Creation of dynamic property CategoryData::$content is deprecated in /home/brightro/domains/catalogo.brightronix.net/public_html/katalog-master/katalog-master/admin/core/app/model/CategoryData.php on line 8
[20-Nov-2025 14:07:15 America/New_York] PHP Deprecated:  Creation of dynamic property CategoryData::$image is deprecated in /home/brightro/domains/catalogo.brightronix.net/public_html/katalog-master/katalog-master/admin/core/app/model/CategoryData.php on line 9
[20-Nov-2025 14:07:15 America/New_York] PHP Deprecated:  Creation of dynamic property CategoryData::$user_id is deprecated in /home/brightro/domains/catalogo.brightronix.net/public_html/katalog-master/katalog-master/admin/core/app/model/CategoryData.php on line 10
[20-Nov-2025 14:07:15 America/New_York] PHP Deprecated:  Creation of dynamic property CategoryData::$is_public is deprecated in /home/brightro/domains/catalogo.brightronix.net/public_html/katalog-master/katalog-master/admin/core/app/model/CategoryData.php on line 11
[20-Nov-2025 14:07:15 America/New_York] PHP Deprecated:  Creation of dynamic property CategoryData::$created_at is deprecated in /home/brightro/domains/catalogo.brightronix.net/public_html/katalog-master/katalog-master/admin/core/app/model/CategoryData.php on line 12
[20-Nov-2025 14:07:15 America/New_York] PHP Deprecated:  Creation of dynamic property CategoryData::$id is deprecated in /home/brightro/domains/catalogo.brightronix.net/public_html/katalog-master/katalog-master/admin/core/controller/Model.php on line 31
[20-Nov-2025 14:07:15 America/New_York] PHP Deprecated:  Creation of dynamic property CategoryData::$name is deprecated in /home/brightro/domains/catalogo.brightronix.net/public_html/katalog-master/katalog-master/admin/core/controller/Model.php on line 31
[20-Nov-2025 14:07:15 America/New_York] PHP Deprecated:  Creation of dynamic property CategoryData::$short_name is deprecated in /home/brightro/domains/catalogo.brightronix.net/public_html/katalog-master/katalog-master/admin/core/controller/Model.php on line 31
[20-Nov-2025 14:07:15 America/New_York] PHP Deprecated:  Creation of dynamic property CategoryData::$in_home is deprecated in /home/brightro/domains/catalogo.brightronix.net/public_html/katalog-master/katalog-master/admin/core/controller/Model.php on line 31
[20-Nov-2025 14:07:15 America/New_York] PHP Deprecated:  Creation of dynamic property CategoryData::$in_menu is deprecated in /home/brightro/domains/catalogo.brightronix.net/public_html/katalog-master/katalog-master/admin/core/controller/Model.php on line 31
[20-Nov-2025 14:07:15 America/New_York] PHP Deprecated:  Creation of dynamic property CategoryData::$is_active is deprecated in /home/brightro/domains/catalogo.brightronix.net/public_html/katalog-master/katalog-master/admin/core/controller/Model.php on line 31
[20-Nov-2025 14:07:15 America/New_York] PHP Deprecated:  Creation of dynamic property CategoryData::$title is deprecated in /home/brightro/domains/catalogo.brightronix.net/public_html/katalog-master/katalog-master/admin/core/app/model/CategoryData.php on line 7
[20-Nov-2025 14:07:15 America/New_York] PHP Deprecated:  Creation of dynamic property CategoryData::$content is deprecated in /home/brightro/domains/catalogo.brightronix.net/public_html/katalog-master/katalog-master/admin/core/app/model/CategoryData.php on line 8
[20-Nov-2025 14:07:15 America/New_York] PHP Deprecated:  Creation of dynamic property CategoryData::$image is deprecated in /home/brightro/domains/catalogo.brightronix.net/public_html/katalog-master/katalog-master/admin/core/app/model/CategoryData.php on line 9
[20-Nov-2025 14:07:15 America/New_York] PHP Deprecated:  Creation of dynamic property CategoryData::$user_id is deprecated in /home/brightro/domains/catalogo.brightronix.net/public_html/katalog-master/katalog-master/admin/core/app/model/CategoryData.php on line 10
[20-Nov-2025 14:07:15 America/New_York] PHP Deprecated:  Creation of dynamic property CategoryData::$is_public is deprecated in /home/brightro/domains/catalogo.brightronix.net/public_html/katalog-master/katalog-master/admin/core/app/model/CategoryData.php on line 11
[20-Nov-2025 14:07:15 America/New_York] PHP Deprecated:  Creation of dynamic property CategoryData::$created_at is deprecated in /home/brightro/domains/catalogo.brightronix.net/public_html/katalog-master/katalog-master/admin/core/app/model/CategoryData.php on line 12
[20-Nov-2025 14:07:15 America/New_York] PHP Deprecated:  Creation of dynamic property CategoryData::$id is deprecated in /home/brightro/domains/catalogo.brightronix.net/public_html/katalog-master/katalog-master/admin/core/controller/Model.php on line 31
[20-Nov-2025 14:07:15 America/New_York] PHP Deprecated:  Creation of dynamic property CategoryData::$name is deprecated in /home/brightro/domains/catalogo.brightronix.net/public_html/katalog-master/katalog-master/admin/core/controller/Model.php on line 31
[20-Nov-2025 14:07:15 America/New_York] PHP Deprecated:  Creation of dynamic property CategoryData::$short_name is deprecated in /home/brightro/domains/catalogo.brightronix.net/public_html/katalog-master/katalog-master/admin/core/controller/Model.php on line 31
[20-Nov-2025 14:07:15 America/New_York] PHP Deprecated:  Creation of dynamic property CategoryData::$in_home is deprecated in /home/brightro/domains/catalogo.brightronix.net/public_html/katalog-master/katalog-master/admin/core/controller/Model.php on line 31
[20-Nov-2025 14:07:15 America/New_York] PHP Deprecated:  Creation of dynamic property CategoryData::$in_menu is deprecated in /home/brightro/domains/catalogo.brightronix.net/public_html/katalog-master/katalog-master/admin/core/controller/Model.php on line 31
[20-Nov-2025 14:07:15 America/New_York] PHP Deprecated:  Creation of dynamic property CategoryData::$is_active is deprecated in /home/brightro/domains/catalogo.brightronix.net/public_html/katalog-master/katalog-master/admin/core/controller/Model.php on line 31
[20-Nov-2025 14:07:15 America/New_York] PHP Deprecated:  Creation of dynamic property CategoryData::$title is deprecated in /home/brightro/domains/catalogo.brightronix.net/public_html/katalog-master/katalog-master/admin/core/app/model/CategoryData.php on line 7
[20-Nov-2025 14:07:15 America/New_York] PHP Deprecated:  Creation of dynamic property CategoryData::$content is deprecated in /home/brightro/domains/catalogo.brightronix.net/public_html/katalog-master/katalog-master/admin/core/app/model/CategoryData.php on line 8
[20-Nov-2025 14:07:15 America/New_York] PHP Deprecated:  Creation of dynamic property CategoryData::$image is deprecated in /home/brightro/domains/catalogo.brightronix.net/public_html/katalog-master/katalog-master/admin/core/app/model/CategoryData.php on line 9
[20-Nov-2025 14:07:15 America/New_York] PHP Deprecated:  Creation of dynamic property CategoryData::$user_id is deprecated in /home/brightro/domains/catalogo.brightronix.net/public_html/katalog-master/katalog-master/admin/core/app/model/CategoryData.php on line 10
[20-Nov-2025 14:07:15 America/New_York] PHP Deprecated:  Creation of dynamic property CategoryData::$is_public is deprecated in /home/brightro/domains/catalogo.brightronix.net/public_html/katalog-master/katalog-master/admin/core/app/model/CategoryData.php on line 11
[20-Nov-2025 14:07:15 America/New_York] PHP Deprecated:  Creation of dynamic property CategoryData::$created_at is deprecated in /home/brightro/domains/catalogo.brightronix.net/public_html/katalog-master/katalog-master/admin/core/app/model/CategoryData.php on line 12
[20-Nov-2025 14:07:15 America/New_York] PHP Deprecated:  Creation of dynamic property CategoryData::$id is deprecated in /home/brightro/domains/catalogo.brightronix.net/public_html/katalog-master/katalog-master/admin/core/controller/Model.php on line 31
[20-Nov-2025 14:07:15 America/New_York] PHP Deprecated:  Creation of dynamic property CategoryData::$name is deprecated in /home/brightro/domains/catalogo.brightronix.net/public_html/katalog-master/katalog-master/admin/core/controller/Model.php on line 31
[20-Nov-2025 14:07:15 America/New_York] PHP Deprecated:  Creation of dynamic property CategoryData::$short_name is deprecated in /home/brightro/domains/catalogo.brightronix.net/public_html/katalog-master/katalog-master/admin/core/controller/Model.php on line 31
[20-Nov-2025 14:07:15 America/New_York] PHP Deprecated:  Creation of dynamic property CategoryData::$in_home is deprecated in /home/brightro/domains/catalogo.brightronix.net/public_html/katalog-master/katalog-master/admin/core/controller/Model.php on line 31
[20-Nov-2025 14:07:15 America/New_York] PHP Deprecated:  Creation of dynamic property CategoryData::$in_menu is deprecated in /home/brightro/domains/catalogo.brightronix.net/public_html/katalog-master/katalog-master/admin/core/controller/Model.php on line 31
[20-Nov-2025 14:07:15 America/New_York] PHP Deprecated:  Creation of dynamic property CategoryData::$is_active is deprecated in /home/brightro/domains/catalogo.brightronix.net/public_html/katalog-master/katalog-master/admin/core/controller/Model.php on line 31
[20-Nov-2025 14:07:15 America/New_York] PHP Deprecated:  Creation of dynamic property CategoryData::$title is deprecated in /home/brightro/domains/catalogo.brightronix.net/public_html/katalog-master/katalog-master/admin/core/app/model/CategoryData.php on line 7
[20-Nov-2025 14:07:15 America/New_York] PHP Deprecated:  Creation of dynamic property CategoryData::$content is deprecated in /home/brightro/domains/catalogo.brightronix.net/public_html/katalog-master/katalog-master/admin/core/app/model/CategoryData.php on line 8
[20-Nov-2025 14:07:15 America/New_York] PHP Deprecated:  Creation of dynamic property CategoryData::$image is deprecated in /home/brightro/domains/catalogo.brightronix.net/public_html/katalog-master/katalog-master/admin/core/app/model/CategoryData.php on line 9
[20-Nov-2025 14:07:15 America/New_York] PHP Deprecated:  Creation of dynamic property CategoryData::$user_id is deprecated in /home/brightro/domains/catalogo.brightronix.net/public_html/katalog-master/katalog-master/admin/core/app/model/CategoryData.php on line 10
[20-Nov-2025 14:07:15 America/New_York] PHP Deprecated:  Creation of dynamic property CategoryData::$is_public is deprecated in /home/brightro/domains/catalogo.brightronix.net/public_html/katalog-master/katalog-master/admin/core/app/model/CategoryData.php on line 11
[20-Nov-2025 14:07:15 America/New_York] PHP Deprecated:  Creation of dynamic property CategoryData::$created_at is deprecated in /home/brightro/domains/catalogo.brightronix.net/public_html/katalog-master/katalog-master/admin/core/app/model/CategoryData.php on line 12
[20-Nov-2025 14:07:15 America/New_York] PHP Deprecated:  Creation of dynamic property CategoryData::$id is deprecated in /home/brightro/domains/catalogo.brightronix.net/public_html/katalog-master/katalog-master/admin/core/controller/Model.php on line 31
[20-Nov-2025 14:07:15 America/New_York] PHP Deprecated:  Creation of dynamic property CategoryData::$name is deprecated in /home/brightro/domains/catalogo.brightronix.net/public_html/katalog-master/katalog-master/admin/core/controller/Model.php on line 31
[20-Nov-2025 14:07:15 America/New_York] PHP Deprecated:  Creation of dynamic property CategoryData::$short_name is deprecated in /home/brightro/domains/catalogo.brightronix.net/public_html/katalog-master/katalog-master/admin/core/controller/Model.php on line 31
[20-Nov-2025 14:07:15 America/New_York] PHP Deprecated:  Creation of dynamic property CategoryData::$in_home is deprecated in /home/brightro/domains/catalogo.brightronix.net/public_html/katalog-master/katalog-master/admin/core/controller/Model.php on line 31
[20-Nov-2025 14:07:15 America/New_York] PHP Deprecated:  Creation of dynamic property CategoryData::$in_menu is deprecated in /home/brightro/domains/catalogo.brightronix.net/public_html/katalog-master/katalog-master/admin/core/controller/Model.php on line 31
[20-Nov-2025 14:07:15 America/New_York] PHP Deprecated:  Creation of dynamic property CategoryData::$is_active is deprecated in /home/brightro/domains/catalogo.brightronix.net/public_html/katalog-master/katalog-master/admin/core/controller/Model.php on line 31
[20-Nov-2025 14:07:15 America/New_York] PHP Deprecated:  Creation of dynamic property CategoryData::$title is deprecated in /home/brightro/domains/catalogo.brightronix.net/public_html/katalog-master/katalog-master/admin/core/app/model/CategoryData.php on line 7
[20-Nov-2025 14:07:15 America/New_York] PHP Deprecated:  Creation of dynamic property CategoryData::$content is deprecated in /home/brightro/domains/catalogo.brightronix.net/public_html/katalog-master/katalog-master/admin/core/app/model/CategoryData.php on line 8
[20-Nov-2025 14:07:15 America/New_York] PHP Deprecated:  Creation of dynamic property CategoryData::$image is deprecated in /home/brightro/domains/catalogo.brightronix.net/public_html/katalog-master/katalog-master/admin/core/app/model/CategoryData.php on line 9
[20-Nov-2025 14:07:15 America/New_York] PHP Deprecated:  Creation of dynamic property CategoryData::$user_id is deprecated in /home/brightro/domains/catalogo.brightronix.net/public_html/katalog-master/katalog-master/admin/core/app/model/CategoryData.php on line 10
[20-Nov-2025 14:07:15 America/New_York] PHP Deprecated:  Creation of dynamic property CategoryData::$is_public is deprecated in /home/brightro/domains/catalogo.brightronix.net/public_html/katalog-master/katalog-master/admin/core/app/model/CategoryData.php on line 11
[20-Nov-2025 14:07:15 America/New_York] PHP Deprecated:  Creation of dynamic property CategoryData::$created_at is deprecated in /home/brightro/domains/catalogo.brightronix.net/public_html/katalog-master/katalog-master/admin/core/app/model/CategoryData.php on line 12
[20-Nov-2025 14:07:15 America/New_York] PHP Deprecated:  Creation of dynamic property CategoryData::$id is deprecated in /home/brightro/domains/catalogo.brightronix.net/public_html/katalog-master/katalog-master/admin/core/controller/Model.php on line 31
[20-Nov-2025 14:07:15 America/New_York] PHP Deprecated:  Creation of dynamic property CategoryData::$name is deprecated in /home/brightro/domains/catalogo.brightronix.net/public_html/katalog-master/katalog-master/admin/core/controller/Model.php on line 31
[20-Nov-2025 14:07:15 America/New_York] PHP Deprecated:  Creation of dynamic property CategoryData::$short_name is deprecated in /home/brightro/domains/catalogo.brightronix.net/public_html/katalog-master/katalog-master/admin/core/controller/Model.php on line 31
[20-Nov-2025 14:07:15 America/New_York] PHP Deprecated:  Creation of dynamic property CategoryData::$in_home is deprecated in /home/brightro/domains/catalogo.brightronix.net/public_html/katalog-master/katalog-master/admin/core/controller/Model.php on line 31
[20-Nov-2025 14:07:15 America/New_York] PHP Deprecated:  Creation of dynamic property CategoryData::$in_menu is deprecated in /home/brightro/domains/catalogo.brightronix.net/public_html/katalog-master/katalog-master/admin/core/controller/Model.php on line 31
[20-Nov-2025 14:07:15 America/New_York] PHP Deprecated:  Creation of dynamic property CategoryData::$is_active is deprecated in /home/brightro/domains/catalogo.brightronix.net/public_html/katalog-master/katalog-master/admin/core/controller/Model.php on line 31
[20-Nov-2025 14:07:15 America/New_York] PHP Deprecated:  Creation of dynamic property CategoryData::$title is deprecated in /home/brightro/domains/catalogo.brightronix.net/public_html/katalog-master/katalog-master/admin/core/app/model/CategoryData.php on line 7
[20-Nov-2025 14:07:15 America/New_York] PHP Deprecated:  Creation of dynamic property CategoryData::$content is deprecated in /home/brightro/domains/catalogo.brightronix.net/public_html/katalog-master/katalog-master/admin/core/app/model/CategoryData.php on line 8
[20-Nov-2025 14:07:15 America/New_York] PHP Deprecated:  Creation of dynamic property CategoryData::$image is deprecated in /home/brightro/domains/catalogo.brightronix.net/public_html/katalog-master/katalog-master/admin/core/app/model/CategoryData.php on line 9
[20-Nov-2025 14:07:15 America/New_York] PHP Deprecated:  Creation of dynamic property CategoryData::$user_id is deprecated in /home/brightro/domains/catalogo.brightronix.net/public_html/katalog-master/katalog-master/admin/core/app/model/CategoryData.php on line 10
[20-Nov-2025 14:07:15 America/New_York] PHP Deprecated:  Creation of dynamic property CategoryData::$is_public is deprecated in /home/brightro/domains/catalogo.brightronix.net/public_html/katalog-master/katalog-master/admin/core/app/model/CategoryData.php on line 11
[20-Nov-2025 14:07:15 America/New_York] PHP Deprecated:  Creation of dynamic property CategoryData::$created_at is deprecated in /home/brightro/domains/catalogo.brightronix.net/public_html/katalog-master/katalog-master/admin/core/app/model/CategoryData.php on line 12
[20-Nov-2025 14:07:15 America/New_York] PHP Deprecated:  Creation of dynamic property CategoryData::$id is deprecated in /home/brightro/domains/catalogo.brightronix.net/public_html/katalog-master/katalog-master/admin/core/controller/Model.php on line 31
[20-Nov-2025 14:07:15 America/New_York] PHP Deprecated:  Creation of dynamic property CategoryData::$name is deprecated in /home/brightro/domains/catalogo.brightronix.net/public_html/katalog-master/katalog-master/admin/core/controller/Model.php on line 31
[20-Nov-2025 14:07:15 America/New_York] PHP Deprecated:  Creation of dynamic property CategoryData::$short_name is deprecated in /home/brightro/domains/catalogo.brightronix.net/public_html/katalog-master/katalog-master/admin/core/controller/Model.php on line 31
[20-Nov-2025 14:07:15 America/New_York] PHP Deprecated:  Creation of dynamic property CategoryData::$in_home is deprecated in /home/brightro/domains/catalogo.brightronix.net/public_html/katalog-master/katalog-master/admin/core/controller/Model.php on line 31
[20-Nov-2025 14:07:15 America/New_York] PHP Deprecated:  Creation of dynamic property CategoryData::$in_menu is deprecated in /home/brightro/domains/catalogo.brightronix.net/public_html/katalog-master/katalog-master/admin/core/controller/Model.php on line 31
[20-Nov-2025 14:07:15 America/New_York] PHP Deprecated:  Creation of dynamic property CategoryData::$is_active is deprecated in /home/brightro/domains/catalogo.brightronix.net/public_html/katalog-master/katalog-master/admin/core/controller/Model.php on line 31
[20-Nov-2025 14:07:15 America/New_York] PHP Deprecated:  Creation of dynamic property CategoryData::$title is deprecated in /home/brightro/domains/catalogo.brightronix.net/public_html/katalog-master/katalog-master/admin/core/app/model/CategoryData.php on line 7
[20-Nov-2025 14:07:15 America/New_York] PHP Deprecated:  Creation of dynamic property CategoryData::$content is deprecated in /home/brightro/domains/catalogo.brightronix.net/public_html/katalog-master/katalog-master/admin/core/app/model/CategoryData.php on line 8
[20-Nov-2025 14:07:15 America/New_York] PHP Deprecated:  Creation of dynamic property CategoryData::$image is deprecated in /home/brightro/domains/catalogo.brightronix.net/public_html/katalog-master/katalog-master/admin/core/app/model/CategoryData.php on line 9
[20-Nov-2025 14:07:15 America/New_York] PHP Deprecated:  Creation of dynamic property CategoryData::$user_id is deprecated in /home/brightro/domains/catalogo.brightronix.net/public_html/katalog-master/katalog-master/admin/core/app/model/CategoryData.php on line 10
[20-Nov-2025 14:07:15 America/New_York] PHP Deprecated:  Creation of dynamic property CategoryData::$is_public is deprecated in /home/brightro/domains/catalogo.brightronix.net/public_html/katalog-master/katalog-master/admin/core/app/model/CategoryData.php on line 11
[20-Nov-2025 14:07:15 America/New_York] PHP Deprecated:  Creation of dynamic property CategoryData::$created_at is deprecated in /home/brightro/domains/catalogo.brightronix.net/public_html/katalog-master/katalog-master/admin/core/app/model/CategoryData.php on line 12
[20-Nov-2025 14:07:15 America/New_York] PHP Deprecated:  Creation of dynamic property CategoryData::$id is deprecated in /home/brightro/domains/catalogo.brightronix.net/public_html/katalog-master/katalog-master/admin/core/controller/Model.php on line 31
[20-Nov-2025 14:07:15 America/New_York] PHP Deprecated:  Creation of dynamic property CategoryData::$name is deprecated in /home/brightro/domains/catalogo.brightronix.net/public_html/katalog-master/katalog-master/admin/core/controller/Model.php on line 31
[20-Nov-2025 14:07:15 America/New_York] PHP Deprecated:  Creation of dynamic property CategoryData::$short_name is deprecated in /home/brightro/domains/catalogo.brightronix.net/public_html/katalog-master/katalog-master/admin/core/controller/Model.php on line 31
[20-Nov-2025 14:07:15 America/New_York] PHP Deprecated:  Creation of dynamic property CategoryData::$in_home is deprecated in /home/brightro/domains/catalogo.brightronix.net/public_html/katalog-master/katalog-master/admin/core/controller/Model.php on line 31
[20-Nov-2025 14:07:15 America/New_York] PHP Deprecated:  Creation of dynamic property CategoryData::$in_menu is deprecated in /home/brightro/domains/catalogo.brightronix.net/public_html/katalog-master/katalog-master/admin/core/controller/Model.php on line 31
[20-Nov-2025 14:07:15 America/New_York] PHP Deprecated:  Creation of dynamic property CategoryData::$is_active is deprecated in /home/brightro/domains/catalogo.brightronix.net/public_html/katalog-master/katalog-master/admin/core/controller/Model.php on line 31
[20-Nov-2025 14:07:15 America/New_York] PHP Deprecated:  Creation of dynamic property CategoryData::$title is deprecated in /home/brightro/domains/catalogo.brightronix.net/public_html/katalog-master/katalog-master/admin/core/app/model/CategoryData.php on line 7
[20-Nov-2025 14:07:15 America/New_York] PHP Deprecated:  Creation of dynamic property CategoryData::$content is deprecated in /home/brightro/domains/catalogo.brightronix.net/public_html/katalog-master/katalog-master/admin/core/app/model/CategoryData.php on line 8
[20-Nov-2025 14:07:15 America/New_York] PHP Deprecated:  Creation of dynamic property CategoryData::$image is deprecated in /home/brightro/domains/catalogo.brightronix.net/public_html/katalog-master/katalog-master/admin/core/app/model/CategoryData.php on line 9
[20-Nov-2025 14:07:15 America/New_York] PHP Deprecated:  Creation of dynamic property CategoryData::$user_id is deprecated in /home/brightro/domains/catalogo.brightronix.net/public_html/katalog-master/katalog-master/admin/core/app/model/CategoryData.php on line 10
[20-Nov-2025 14:07:15 America/New_York] PHP Deprecated:  Creation of dynamic property CategoryData::$is_public is deprecated in /home/brightro/domains/catalogo.brightronix.net/public_html/katalog-master/katalog-master/admin/core/app/model/CategoryData.php on line 11
[20-Nov-2025 14:07:15 America/New_York] PHP Deprecated:  Creation of dynamic property CategoryData::$created_at is deprecated in /home/brightro/domains/catalogo.brightronix.net/public_html/katalog-master/katalog-master/admin/core/app/model/CategoryData.php on line 12
[20-Nov-2025 14:07:15 America/New_York] PHP Deprecated:  Creation of dynamic property CategoryData::$id is deprecated in /home/brightro/domains/catalogo.brightronix.net/public_html/katalog-master/katalog-master/admin/core/controller/Model.php on line 31
[20-Nov-2025 14:07:15 America/New_York] PHP Deprecated:  Creation of dynamic property CategoryData::$name is deprecated in /home/brightro/domains/catalogo.brightronix.net/public_html/katalog-master/katalog-master/admin/core/controller/Model.php on line 31
[20-Nov-2025 14:07:15 America/New_York] PHP Deprecated:  Creation of dynamic property CategoryData::$short_name is deprecated in /home/brightro/domains/catalogo.brightronix.net/public_html/katalog-master/katalog-master/admin/core/controller/Model.php on line 31
[20-Nov-2025 14:07:15 America/New_York] PHP Deprecated:  Creation of dynamic property CategoryData::$in_home is deprecated in /home/brightro/domains/catalogo.brightronix.net/public_html/katalog-master/katalog-master/admin/core/controller/Model.php on line 31
[20-Nov-2025 14:07:15 America/New_York] PHP Deprecated:  Creation of dynamic property CategoryData::$in_menu is deprecated in /home/brightro/domains/catalogo.brightronix.net/public_html/katalog-master/katalog-master/admin/core/controller/Model.php on line 31
[20-Nov-2025 14:07:15 America/New_York] PHP Deprecated:  Creation of dynamic property CategoryData::$is_active is deprecated in /home/brightro/domains/catalogo.brightronix.net/public_html/katalog-master/katalog-master/admin/core/controller/Model.php on line 31
[20-Nov-2025 14:07:15 America/New_York] PHP Deprecated:  Creation of dynamic property CategoryData::$title is deprecated in /home/brightro/domains/catalogo.brightronix.net/public_html/katalog-master/katalog-master/admin/core/app/model/CategoryData.php on line 7
[20-Nov-2025 14:07:15 America/New_York] PHP Deprecated:  Creation of dynamic property CategoryData::$content is deprecated in /home/brightro/domains/catalogo.brightronix.net/public_html/katalog-master/katalog-master/admin/core/app/model/CategoryData.php on line 8
[20-Nov-2025 14:07:15 America/New_York] PHP Deprecated:  Creation of dynamic property CategoryData::$image is deprecated in /home/brightro/domains/catalogo.brightronix.net/public_html/katalog-master/katalog-master/admin/core/app/model/CategoryData.php on line 9
[20-Nov-2025 14:07:15 America/New_York] PHP Deprecated:  Creation of dynamic property CategoryData::$user_id is deprecated in /home/brightro/domains/catalogo.brightronix.net/public_html/katalog-master/katalog-master/admin/core/app/model/CategoryData.php on line 10
[20-Nov-2025 14:07:15 America/New_York] PHP Deprecated:  Creation of dynamic property CategoryData::$is_public is deprecated in /home/brightro/domains/catalogo.brightronix.net/public_html/katalog-master/katalog-master/admin/core/app/model/CategoryData.php on line 11
[20-Nov-2025 14:07:15 America/New_York] PHP Deprecated:  Creation of dynamic property CategoryData::$created_at is deprecated in /home/brightro/domains/catalogo.brightronix.net/public_html/katalog-master/katalog-master/admin/core/app/model/CategoryData.php on line 12
[20-Nov-2025 14:07:15 America/New_York] PHP Deprecated:  Creation of dynamic property CategoryData::$id is deprecated in /home/brightro/domains/catalogo.brightronix.net/public_html/katalog-master/katalog-master/admin/core/controller/Model.php on line 31
[20-Nov-2025 14:07:15 America/New_York] PHP Deprecated:  Creation of dynamic property CategoryData::$name is deprecated in /home/brightro/domains/catalogo.brightronix.net/public_html/katalog-master/katalog-master/admin/core/controller/Model.php on line 31
[20-Nov-2025 14:07:15 America/New_York] PHP Deprecated:  Creation of dynamic property CategoryData::$short_name is deprecated in /home/brightro/domains/catalogo.brightronix.net/public_html/katalog-master/katalog-master/admin/core/controller/Model.php on line 31
[20-Nov-2025 14:07:15 America/New_York] PHP Deprecated:  Creation of dynamic property CategoryData::$in_home is deprecated in /home/brightro/domains/catalogo.brightronix.net/public_html/katalog-master/katalog-master/admin/core/controller/Model.php on line 31
[20-Nov-2025 14:07:15 America/New_York] PHP Deprecated:  Creation of dynamic property CategoryData::$in_menu is deprecated in /home/brightro/domains/catalogo.brightronix.net/public_html/katalog-master/katalog-master/admin/core/controller/Model.php on line 31
[20-Nov-2025 14:07:15 America/New_York] PHP Deprecated:  Creation of dynamic property CategoryData::$is_active is deprecated in /home/brightro/domains/catalogo.brightronix.net/public_html/katalog-master/katalog-master/admin/core/controller/Model.php on line 31
[20-Nov-2025 14:07:15 America/New_York] PHP Deprecated:  Creation of dynamic property CategoryData::$title is deprecated in /home/brightro/domains/catalogo.brightronix.net/public_html/katalog-master/katalog-master/admin/core/app/model/CategoryData.php on line 7
[20-Nov-2025 14:07:15 America/New_York] PHP Deprecated:  Creation of dynamic property CategoryData::$content is deprecated in /home/brightro/domains/catalogo.brightronix.net/public_html/katalog-master/katalog-master/admin/core/app/model/CategoryData.php on line 8
[20-Nov-2025 14:07:15 America/New_York] PHP Deprecated:  Creation of dynamic property CategoryData::$image is deprecated in /home/brightro/domains/catalogo.brightronix.net/public_html/katalog-master/katalog-master/admin/core/app/model/CategoryData.php on line 9
[20-Nov-2025 14:07:15 America/New_York] PHP Deprecated:  Creation of dynamic property CategoryData::$user_id is deprecated in /home/brightro/domains/catalogo.brightronix.net/public_html/katalog-master/katalog-master/admin/core/app/model/CategoryData.php on line 10
[20-Nov-2025 14:07:15 America/New_York] PHP Deprecated:  Creation of dynamic property CategoryData::$is_public is deprecated in /home/brightro/domains/catalogo.brightronix.net/public_html/katalog-master/katalog-master/admin/core/app/model/CategoryData.php on line 11
[20-Nov-2025 14:07:15 America/New_York] PHP Deprecated:  Creation of dynamic property CategoryData::$created_at is deprecated in /home/brightro/domains/catalogo.brightronix.net/public_html/katalog-master/katalog-master/admin/core/app/model/CategoryData.php on line 12
[20-Nov-2025 14:07:15 America/New_York] PHP Deprecated:  Creation of dynamic property CategoryData::$id is deprecated in /home/brightro/domains/catalogo.brightronix.net/public_html/katalog-master/katalog-master/admin/core/controller/Model.php on line 31
[20-Nov-2025 14:07:15 America/New_York] PHP Deprecated:  Creation of dynamic property CategoryData::$name is deprecated in /home/brightro/domains/catalogo.brightronix.net/public_html/katalog-master/katalog-master/admin/core/controller/Model.php on line 31
[20-Nov-2025 14:07:15 America/New_York] PHP Deprecated:  Creation of dynamic property CategoryData::$short_name is deprecated in /home/brightro/domains/catalogo.brightronix.net/public_html/katalog-master/katalog-master/admin/core/controller/Model.php on line 31
[20-Nov-2025 14:07:15 America/New_York] PHP Deprecated:  Creation of dynamic property CategoryData::$in_home is deprecated in /home/brightro/domains/catalogo.brightronix.net/public_html/katalog-master/katalog-master/admin/core/controller/Model.php on line 31
[20-Nov-2025 14:07:15 America/New_York] PHP Deprecated:  Creation of dynamic property CategoryData::$in_menu is deprecated in /home/brightro/domains/catalogo.brightronix.net/public_html/katalog-master/katalog-master/admin/core/controller/Model.php on line 31
[20-Nov-2025 14:07:15 America/New_York] PHP Deprecated:  Creation of dynamic property CategoryData::$is_active is deprecated in /home/brightro/domains/catalogo.brightronix.net/public_html/katalog-master/katalog-master/admin/core/controller/Model.php on line 31
[20-Nov-2025 14:07:15 America/New_York] PHP Deprecated:  Creation of dynamic property CategoryData::$title is deprecated in /home/brightro/domains/catalogo.brightronix.net/public_html/katalog-master/katalog-master/admin/core/app/model/CategoryData.php on line 7
[20-Nov-2025 14:07:15 America/New_York] PHP Deprecated:  Creation of dynamic property CategoryData::$content is deprecated in /home/brightro/domains/catalogo.brightronix.net/public_html/katalog-master/katalog-master/admin/core/app/model/CategoryData.php on line 8
[20-Nov-2025 14:07:15 America/New_York] PHP Deprecated:  Creation of dynamic property CategoryData::$image is deprecated in /home/brightro/domains/catalogo.brightronix.net/public_html/katalog-master/katalog-master/admin/core/app/model/CategoryData.php on line 9
[20-Nov-2025 14:07:15 America/New_York] PHP Deprecated:  Creation of dynamic property CategoryData::$user_id is deprecated in /home/brightro/domains/catalogo.brightronix.net/public_html/katalog-master/katalog-master/admin/core/app/model/CategoryData.php on line 10
[20-Nov-2025 14:07:15 America/New_York] PHP Deprecated:  Creation of dynamic property CategoryData::$is_public is deprecated in /home/brightro/domains/catalogo.brightronix.net/public_html/katalog-master/katalog-master/admin/core/app/model/CategoryData.php on line 11
[20-Nov-2025 14:07:15 America/New_York] PHP Deprecated:  Creation of dynamic property CategoryData::$created_at is deprecated in /home/brightro/domains/catalogo.brightronix.net/public_html/katalog-master/katalog-master/admin/core/app/model/CategoryData.php on line 12
[20-Nov-2025 14:07:15 America/New_York] PHP Deprecated:  Creation of dynamic property CategoryData::$id is deprecated in /home/brightro/domains/catalogo.brightronix.net/public_html/katalog-master/katalog-master/admin/core/controller/Model.php on line 31
[20-Nov-2025 14:07:15 America/New_York] PHP Deprecated:  Creation of dynamic property CategoryData::$name is deprecated in /home/brightro/domains/catalogo.brightronix.net/public_html/katalog-master/katalog-master/admin/core/controller/Model.php on line 31
[20-Nov-2025 14:07:15 America/New_York] PHP Deprecated:  Creation of dynamic property CategoryData::$short_name is deprecated in /home/brightro/domains/catalogo.brightronix.net/public_html/katalog-master/katalog-master/admin/core/controller/Model.php on line 31
[20-Nov-2025 14:07:15 America/New_York] PHP Deprecated:  Creation of dynamic property CategoryData::$in_home is deprecated in /home/brightro/domains/catalogo.brightronix.net/public_html/katalog-master/katalog-master/admin/core/controller/Model.php on line 31
[20-Nov-2025 14:07:15 America/New_York] PHP Deprecated:  Creation of dynamic property CategoryData::$in_menu is deprecated in /home/brightro/domains/catalogo.brightronix.net/public_html/katalog-master/katalog-master/admin/core/controller/Model.php on line 31
[20-Nov-2025 14:07:15 America/New_York] PHP Deprecated:  Creation of dynamic property CategoryData::$is_active is deprecated in /home/brightro/domains/catalogo.brightronix.net/public_html/katalog-master/katalog-master/admin/core/controller/Model.php on line 31
[20-Nov-2025 14:07:15 America/New_York] PHP Deprecated:  Creation of dynamic property CategoryData::$title is deprecated in /home/brightro/domains/catalogo.brightronix.net/public_html/katalog-master/katalog-master/admin/core/app/model/CategoryData.php on line 7
[20-Nov-2025 14:07:15 America/New_York] PHP Deprecated:  Creation of dynamic property CategoryData::$content is deprecated in /home/brightro/domains/catalogo.brightronix.net/public_html/katalog-master/katalog-master/admin/core/app/model/CategoryData.php on line 8
[20-Nov-2025 14:07:15 America/New_York] PHP Deprecated:  Creation of dynamic property CategoryData::$image is deprecated in /home/brightro/domains/catalogo.brightronix.net/public_html/katalog-master/katalog-master/admin/core/app/model/CategoryData.php on line 9
[20-Nov-2025 14:07:15 America/New_York] PHP Deprecated:  Creation of dynamic property CategoryData::$user_id is deprecated in /home/brightro/domains/catalogo.brightronix.net/public_html/katalog-master/katalog-master/admin/core/app/model/CategoryData.php on line 10
[20-Nov-2025 14:07:15 America/New_York] PHP Deprecated:  Creation of dynamic property CategoryData::$is_public is deprecated in /home/brightro/domains/catalogo.brightronix.net/public_html/katalog-master/katalog-master/admin/core/app/model/CategoryData.php on line 11
[20-Nov-2025 14:07:15 America/New_York] PHP Deprecated:  Creation of dynamic property CategoryData::$created_at is deprecated in /home/brightro/domains/catalogo.brightronix.net/public_html/katalog-master/katalog-master/admin/core/app/model/CategoryData.php on line 12
[20-Nov-2025 14:07:15 America/New_York] PHP Deprecated:  Creation of dynamic property CategoryData::$id is deprecated in /home/brightro/domains/catalogo.brightronix.net/public_html/katalog-master/katalog-master/admin/core/controller/Model.php on line 31
[20-Nov-2025 14:07:15 America/New_York] PHP Deprecated:  Creation of dynamic property CategoryData::$name is deprecated in /home/brightro/domains/catalogo.brightronix.net/public_html/katalog-master/katalog-master/admin/core/controller/Model.php on line 31
[20-Nov-2025 14:07:15 America/New_York] PHP Deprecated:  Creation of dynamic property CategoryData::$short_name is deprecated in /home/brightro/domains/catalogo.brightronix.net/public_html/katalog-master/katalog-master/admin/core/controller/Model.php on line 31
[20-Nov-2025 14:07:15 America/New_York] PHP Deprecated:  Creation of dynamic property CategoryData::$in_home is deprecated in /home/brightro/domains/catalogo.brightronix.net/public_html/katalog-master/katalog-master/admin/core/controller/Model.php on line 31
[20-Nov-2025 14:07:15 America/New_York] PHP Deprecated:  Creation of dynamic property CategoryData::$in_menu is deprecated in /home/brightro/domains/catalogo.brightronix.net/public_html/katalog-master/katalog-master/admin/core/controller/Model.php on line 31
[20-Nov-2025 14:07:15 America/New_York] PHP Deprecated:  Creation of dynamic property CategoryData::$is_active is deprecated in /home/brightro/domains/catalogo.brightronix.net/public_html/katalog-master/katalog-master/admin/core/controller/Model.php on line 31
[20-Nov-2025 14:07:15 America/New_York] PHP Deprecated:  Creation of dynamic property CategoryData::$title is deprecated in /home/brightro/domains/catalogo.brightronix.net/public_html/katalog-master/katalog-master/admin/core/app/model/CategoryData.php on line 7
[20-Nov-2025 14:07:15 America/New_York] PHP Deprecated:  Creation of dynamic property CategoryData::$content is deprecated in /home/brightro/domains/catalogo.brightronix.net/public_html/katalog-master/katalog-master/admin/core/app/model/CategoryData.php on line 8
[20-Nov-2025 14:07:15 America/New_York] PHP Deprecated:  Creation of dynamic property CategoryData::$image is deprecated in /home/brightro/domains/catalogo.brightronix.net/public_html/katalog-master/katalog-master/admin/core/app/model/CategoryData.php on line 9
[20-Nov-2025 14:07:15 America/New_York] PHP Deprecated:  Creation of dynamic property CategoryData::$user_id is deprecated in /home/brightro/domains/catalogo.brightronix.net/public_html/katalog-master/katalog-master/admin/core/app/model/CategoryData.php on line 10
[20-Nov-2025 14:07:15 America/New_York] PHP Deprecated:  Creation of dynamic property CategoryData::$is_public is deprecated in /home/brightro/domains/catalogo.brightronix.net/public_html/katalog-master/katalog-master/admin/core/app/model/CategoryData.php on line 11
[20-Nov-2025 14:07:15 America/New_York] PHP Deprecated:  Creation of dynamic property CategoryData::$created_at is deprecated in /home/brightro/domains/catalogo.brightronix.net/public_html/katalog-master/katalog-master/admin/core/app/model/CategoryData.php on line 12
[20-Nov-2025 14:07:15 America/New_York] PHP Deprecated:  Creation of dynamic property CategoryData::$id is deprecated in /home/brightro/domains/catalogo.brightronix.net/public_html/katalog-master/katalog-master/admin/core/controller/Model.php on line 31
[20-Nov-2025 14:07:15 America/New_York] PHP Deprecated:  Creation of dynamic property CategoryData::$name is deprecated in /home/brightro/domains/catalogo.brightronix.net/public_html/katalog-master/katalog-master/admin/core/controller/Model.php on line 31
[20-Nov-2025 14:07:15 America/New_York] PHP Deprecated:  Creation of dynamic property CategoryData::$short_name is deprecated in /home/brightro/domains/catalogo.brightronix.net/public_html/katalog-master/katalog-master/admin/core/controller/Model.php on line 31
[20-Nov-2025 14:07:15 America/New_York] PHP Deprecated:  Creation of dynamic property CategoryData::$in_home is deprecated in /home/brightro/domains/catalogo.brightronix.net/public_html/katalog-master/katalog-master/admin/core/controller/Model.php on line 31
[20-Nov-2025 14:07:15 America/New_York] PHP Deprecated:  Creation of dynamic property CategoryData::$in_menu is deprecated in /home/brightro/domains/catalogo.brightronix.net/public_html/katalog-master/katalog-master/admin/core/controller/Model.php on line 31
[20-Nov-2025 14:07:15 America/New_York] PHP Deprecated:  Creation of dynamic property CategoryData::$is_active is deprecated in /home/brightro/domains/catalogo.brightronix.net/public_html/katalog-master/katalog-master/admin/core/controller/Model.php on line 31
[20-Nov-2025 14:07:15 America/New_York] PHP Deprecated:  Creation of dynamic property CategoryData::$title is deprecated in /home/brightro/domains/catalogo.brightronix.net/public_html/katalog-master/katalog-master/admin/core/app/model/CategoryData.php on line 7
[20-Nov-2025 14:07:15 America/New_York] PHP Deprecated:  Creation of dynamic property CategoryData::$content is deprecated in /home/brightro/domains/catalogo.brightronix.net/public_html/katalog-master/katalog-master/admin/core/app/model/CategoryData.php on line 8
[20-Nov-2025 14:07:15 America/New_York] PHP Deprecated:  Creation of dynamic property CategoryData::$image is deprecated in /home/brightro/domains/catalogo.brightronix.net/public_html/katalog-master/katalog-master/admin/core/app/model/CategoryData.php on line 9
[20-Nov-2025 14:07:15 America/New_York] PHP Deprecated:  Creation of dynamic property CategoryData::$user_id is deprecated in /home/brightro/domains/catalogo.brightronix.net/public_html/katalog-master/katalog-master/admin/core/app/model/CategoryData.php on line 10
[20-Nov-2025 14:07:15 America/New_York] PHP Deprecated:  Creation of dynamic property CategoryData::$is_public is deprecated in /home/brightro/domains/catalogo.brightronix.net/public_html/katalog-master/katalog-master/admin/core/app/model/CategoryData.php on line 11
[20-Nov-2025 14:07:15 America/New_York] PHP Deprecated:  Creation of dynamic property CategoryData::$created_at is deprecated in /home/brightro/domains/catalogo.brightronix.net/public_html/katalog-master/katalog-master/admin/core/app/model/CategoryData.php on line 12
[20-Nov-2025 14:07:15 America/New_York] PHP Deprecated:  Creation of dynamic property CategoryData::$id is deprecated in /home/brightro/domains/catalogo.brightronix.net/public_html/katalog-master/katalog-master/admin/core/controller/Model.php on line 31
[20-Nov-2025 14:07:15 America/New_York] PHP Deprecated:  Creation of dynamic property CategoryData::$name is deprecated in /home/brightro/domains/catalogo.brightronix.net/public_html/katalog-master/katalog-master/admin/core/controller/Model.php on line 31
[20-Nov-2025 14:07:15 America/New_York] PHP Deprecated:  Creation of dynamic property CategoryData::$short_name is deprecated in /home/brightro/domains/catalogo.brightronix.net/public_html/katalog-master/katalog-master/admin/core/controller/Model.php on line 31
[20-Nov-2025 14:07:15 America/New_York] PHP Deprecated:  Creation of dynamic property CategoryData::$in_home is deprecated in /home/brightro/domains/catalogo.brightronix.net/public_html/katalog-master/katalog-master/admin/core/controller/Model.php on line 31
[20-Nov-2025 14:07:15 America/New_York] PHP Deprecated:  Creation of dynamic property CategoryData::$in_menu is deprecated in /home/brightro/domains/catalogo.brightronix.net/public_html/katalog-master/katalog-master/admin/core/controller/Model.php on line 31
[20-Nov-2025 14:07:15 America/New_York] PHP Deprecated:  Creation of dynamic property CategoryData::$is_active is deprecated in /home/brightro/domains/catalogo.brightronix.net/public_html/katalog-master/katalog-master/admin/core/controller/Model.php on line 31
[20-Nov-2025 14:07:15 America/New_York] PHP Deprecated:  Creation of dynamic property CategoryData::$title is deprecated in /home/brightro/domains/catalogo.brightronix.net/public_html/katalog-master/katalog-master/admin/core/app/model/CategoryData.php on line 7
[20-Nov-2025 14:07:15 America/New_York] PHP Deprecated:  Creation of dynamic property CategoryData::$content is deprecated in /home/brightro/domains/catalogo.brightronix.net/public_html/katalog-master/katalog-master/admin/core/app/model/CategoryData.php on line 8
[20-Nov-2025 14:07:15 America/New_York] PHP Deprecated:  Creation of dynamic property CategoryData::$image is deprecated in /home/brightro/domains/catalogo.brightronix.net/public_html/katalog-master/katalog-master/admin/core/app/model/CategoryData.php on line 9
[20-Nov-2025 14:07:15 America/New_York] PHP Deprecated:  Creation of dynamic property CategoryData::$user_id is deprecated in /home/brightro/domains/catalogo.brightronix.net/public_html/katalog-master/katalog-master/admin/core/app/model/CategoryData.php on line 10
[20-Nov-2025 14:07:15 America/New_York] PHP Deprecated:  Creation of dynamic property CategoryData::$is_public is deprecated in /home/brightro/domains/catalogo.brightronix.net/public_html/katalog-master/katalog-master/admin/core/app/model/CategoryData.php on line 11
[20-Nov-2025 14:07:15 America/New_York] PHP Deprecated:  Creation of dynamic property CategoryData::$created_at is deprecated in /home/brightro/domains/catalogo.brightronix.net/public_html/katalog-master/katalog-master/admin/core/app/model/CategoryData.php on line 12
[20-Nov-2025 14:07:15 America/New_York] PHP Deprecated:  Creation of dynamic property CategoryData::$id is deprecated in /home/brightro/domains/catalogo.brightronix.net/public_html/katalog-master/katalog-master/admin/core/controller/Model.php on line 31
[20-Nov-2025 14:07:15 America/New_York] PHP Deprecated:  Creation of dynamic property CategoryData::$name is deprecated in /home/brightro/domains/catalogo.brightronix.net/public_html/katalog-master/katalog-master/admin/core/controller/Model.php on line 31
[20-Nov-2025 14:07:15 America/New_York] PHP Deprecated:  Creation of dynamic property CategoryData::$short_name is deprecated in /home/brightro/domains/catalogo.brightronix.net/public_html/katalog-master/katalog-master/admin/core/controller/Model.php on line 31
[20-Nov-2025 14:07:15 America/New_York] PHP Deprecated:  Creation of dynamic property CategoryData::$in_home is deprecated in /home/brightro/domains/catalogo.brightronix.net/public_html/katalog-master/katalog-master/admin/core/controller/Model.php on line 31
[20-Nov-2025 14:07:15 America/New_York] PHP Deprecated:  Creation of dynamic property CategoryData::$in_menu is deprecated in /home/brightro/domains/catalogo.brightronix.net/public_html/katalog-master/katalog-master/admin/core/controller/Model.php on line 31
[20-Nov-2025 14:07:15 America/New_York] PHP Deprecated:  Creation of dynamic property CategoryData::$is_active is deprecated in /home/brightro/domains/catalogo.brightronix.net/public_html/katalog-master/katalog-master/admin/core/controller/Model.php on line 31
[20-Nov-2025 14:07:34 America/New_York] PHP Deprecated:  Creation of dynamic property Database::$user is deprecated in /home/brightro/domains/catalogo.brightronix.net/public_html/katalog-master/katalog-master/admin/core/controller/Database.php on line 7
[20-Nov-2025 14:07:34 America/New_York] PHP Deprecated:  Creation of dynamic property Database::$pass is deprecated in /home/brightro/domains/catalogo.brightronix.net/public_html/katalog-master/katalog-master/admin/core/controller/Database.php on line 8
[20-Nov-2025 14:07:34 America/New_York] PHP Deprecated:  Creation of dynamic property Database::$host is deprecated in /home/brightro/domains/catalogo.brightronix.net/public_html/katalog-master/katalog-master/admin/core/controller/Database.php on line 9
[20-Nov-2025 14:07:34 America/New_York] PHP Deprecated:  Creation of dynamic property Database::$ddbb is deprecated in /home/brightro/domains/catalogo.brightronix.net/public_html/katalog-master/katalog-master/admin/core/controller/Database.php on line 10
[20-Nov-2025 14:07:34 America/New_York] PHP Deprecated:  Creation of dynamic property Database::$user is deprecated in /home/brightro/domains/catalogo.brightronix.net/public_html/katalog-master/katalog-master/admin/core/controller/Database.php on line 7
[20-Nov-2025 14:07:34 America/New_York] PHP Deprecated:  Creation of dynamic property Database::$pass is deprecated in /home/brightro/domains/catalogo.brightronix.net/public_html/katalog-master/katalog-master/admin/core/controller/Database.php on line 8
[20-Nov-2025 14:07:34 America/New_York] PHP Deprecated:  Creation of dynamic property Database::$host is deprecated in /home/brightro/domains/catalogo.brightronix.net/public_html/katalog-master/katalog-master/admin/core/controller/Database.php on line 9
[20-Nov-2025 14:07:34 America/New_York] PHP Deprecated:  Creation of dynamic property Database::$ddbb is deprecated in /home/brightro/domains/catalogo.brightronix.net/public_html/katalog-master/katalog-master/admin/core/controller/Database.php on line 10
[20-Nov-2025 14:07:34 America/New_York] PHP Deprecated:  Creation of dynamic property UserData::$name is deprecated in /home/brightro/domains/catalogo.brightronix.net/public_html/katalog-master/katalog-master/admin/core/app/model/UserData.php on line 6
[20-Nov-2025 14:07:34 America/New_York] PHP Deprecated:  Creation of dynamic property UserData::$lastname is deprecated in /home/brightro/domains/catalogo.brightronix.net/public_html/katalog-master/katalog-master/admin/core/app/model/UserData.php on line 7
[20-Nov-2025 14:07:34 America/New_York] PHP Deprecated:  Creation of dynamic property UserData::$email is deprecated in /home/brightro/domains/catalogo.brightronix.net/public_html/katalog-master/katalog-master/admin/core/app/model/UserData.php on line 8
[20-Nov-2025 14:07:34 America/New_York] PHP Deprecated:  Creation of dynamic property UserData::$username is deprecated in /home/brightro/domains/catalogo.brightronix.net/public_html/katalog-master/katalog-master/admin/core/app/model/UserData.php on line 9
[20-Nov-2025 14:07:34 America/New_York] PHP Deprecated:  Creation of dynamic property UserData::$password is deprecated in /home/brightro/domains/catalogo.brightronix.net/public_html/katalog-master/katalog-master/admin/core/app/model/UserData.php on line 10
[20-Nov-2025 14:07:34 America/New_York] PHP Deprecated:  Creation of dynamic property UserData::$created_at is deprecated in /home/brightro/domains/catalogo.brightronix.net/public_html/katalog-master/katalog-master/admin/core/app/model/UserData.php on line 11
[20-Nov-2025 14:07:34 America/New_York] PHP Deprecated:  Creation of dynamic property UserData::$id is deprecated in /home/brightro/domains/catalogo.brightronix.net/public_html/katalog-master/katalog-master/admin/core/app/model/UserData.php on line 97
[20-Nov-2025 14:07:34 America/New_York] PHP Deprecated:  Creation of dynamic property UserData::$is_active is deprecated in /home/brightro/domains/catalogo.brightronix.net/public_html/katalog-master/katalog-master/admin/core/app/model/UserData.php on line 97
[20-Nov-2025 14:07:34 America/New_York] PHP Deprecated:  Creation of dynamic property Database::$user is deprecated in /home/brightro/domains/catalogo.brightronix.net/public_html/katalog-master/katalog-master/admin/core/controller/Database.php on line 7
[20-Nov-2025 14:07:34 America/New_York] PHP Deprecated:  Creation of dynamic property Database::$pass is deprecated in /home/brightro/domains/catalogo.brightronix.net/public_html/katalog-master/katalog-master/admin/core/controller/Database.php on line 8
[20-Nov-2025 14:07:34 America/New_York] PHP Deprecated:  Creation of dynamic property Database::$host is deprecated in /home/brightro/domains/catalogo.brightronix.net/public_html/katalog-master/katalog-master/admin/core/controller/Database.php on line 9
[20-Nov-2025 14:07:34 America/New_York] PHP Deprecated:  Creation of dynamic property Database::$ddbb is deprecated in /home/brightro/domains/catalogo.brightronix.net/public_html/katalog-master/katalog-master/admin/core/controller/Database.php on line 10
[20-Nov-2025 14:07:34 America/New_York] PHP Deprecated:  Creation of dynamic property CategoryData::$title is deprecated in /home/brightro/domains/catalogo.brightronix.net/public_html/katalog-master/katalog-master/admin/core/app/model/CategoryData.php on line 7
[20-Nov-2025 14:07:34 America/New_York] PHP Deprecated:  Creation of dynamic property CategoryData::$content is deprecated in /home/brightro/domains/catalogo.brightronix.net/public_html/katalog-master/katalog-master/admin/core/app/model/CategoryData.php on line 8
[20-Nov-2025 14:07:34 America/New_York] PHP Deprecated:  Creation of dynamic property CategoryData::$image is deprecated in /home/brightro/domains/catalogo.brightronix.net/public_html/katalog-master/katalog-master/admin/core/app/model/CategoryData.php on line 9
[20-Nov-2025 14:07:34 America/New_York] PHP Deprecated:  Creation of dynamic property CategoryData::$user_id is deprecated in /home/brightro/domains/catalogo.brightronix.net/public_html/katalog-master/katalog-master/admin/core/app/model/CategoryData.php on line 10
[20-Nov-2025 14:07:34 America/New_York] PHP Deprecated:  Creation of dynamic property CategoryData::$is_public is deprecated in /home/brightro/domains/catalogo.brightronix.net/public_html/katalog-master/katalog-master/admin/core/app/model/CategoryData.php on line 11
[20-Nov-2025 14:07:34 America/New_York] PHP Deprecated:  Creation of dynamic property CategoryData::$created_at is deprecated in /home/brightro/domains/catalogo.brightronix.net/public_html/katalog-master/katalog-master/admin/core/app/model/CategoryData.php on line 12
[20-Nov-2025 14:07:34 America/New_York] PHP Deprecated:  Creation of dynamic property CategoryData::$title is deprecated in /home/brightro/domains/catalogo.brightronix.net/public_html/katalog-master/katalog-master/admin/core/app/model/CategoryData.php on line 7
[20-Nov-2025 14:07:34 America/New_York] PHP Deprecated:  Creation of dynamic property CategoryData::$content is deprecated in /home/brightro/domains/catalogo.brightronix.net/public_html/katalog-master/katalog-master/admin/core/app/model/CategoryData.php on line 8
[20-Nov-2025 14:07:34 America/New_York] PHP Deprecated:  Creation of dynamic property CategoryData::$image is deprecated in /home/brightro/domains/catalogo.brightronix.net/public_html/katalog-master/katalog-master/admin/core/app/model/CategoryData.php on line 9
[20-Nov-2025 14:07:34 America/New_York] PHP Deprecated:  Creation of dynamic property CategoryData::$user_id is deprecated in /home/brightro/domains/catalogo.brightronix.net/public_html/katalog-master/katalog-master/admin/core/app/model/CategoryData.php on line 10
[20-Nov-2025 14:07:34 America/New_York] PHP Deprecated:  Creation of dynamic property CategoryData::$is_public is deprecated in /home/brightro/domains/catalogo.brightronix.net/public_html/katalog-master/katalog-master/admin/core/app/model/CategoryData.php on line 11
[20-Nov-2025 14:07:34 America/New_York] PHP Deprecated:  Creation of dynamic property CategoryData::$created_at is deprecated in /home/brightro/domains/catalogo.brightronix.net/public_html/katalog-master/katalog-master/admin/core/app/model/CategoryData.php on line 12
[20-Nov-2025 14:07:34 America/New_York] PHP Deprecated:  Creation of dynamic property CategoryData::$id is deprecated in /home/brightro/domains/catalogo.brightronix.net/public_html/katalog-master/katalog-master/admin/core/controller/Model.php on line 31
[20-Nov-2025 14:07:34 America/New_York] PHP Deprecated:  Creation of dynamic property CategoryData::$name is deprecated in /home/brightro/domains/catalogo.brightronix.net/public_html/katalog-master/katalog-master/admin/core/controller/Model.php on line 31
[20-Nov-2025 14:07:34 America/New_York] PHP Deprecated:  Creation of dynamic property CategoryData::$short_name is deprecated in /home/brightro/domains/catalogo.brightronix.net/public_html/katalog-master/katalog-master/admin/core/controller/Model.php on line 31
[20-Nov-2025 14:07:34 America/New_York] PHP Deprecated:  Creation of dynamic property CategoryData::$in_home is deprecated in /home/brightro/domains/catalogo.brightronix.net/public_html/katalog-master/katalog-master/admin/core/controller/Model.php on line 31
[20-Nov-2025 14:07:34 America/New_York] PHP Deprecated:  Creation of dynamic property CategoryData::$in_menu is deprecated in /home/brightro/domains/catalogo.brightronix.net/public_html/katalog-master/katalog-master/admin/core/controller/Model.php on line 31
[20-Nov-2025 14:07:34 America/New_York] PHP Deprecated:  Creation of dynamic property CategoryData::$is_active is deprecated in /home/brightro/domains/catalogo.brightronix.net/public_html/katalog-master/katalog-master/admin/core/controller/Model.php on line 31
[20-Nov-2025 14:07:34 America/New_York] PHP Deprecated:  Creation of dynamic property CategoryData::$title is deprecated in /home/brightro/domains/catalogo.brightronix.net/public_html/katalog-master/katalog-master/admin/core/app/model/CategoryData.php on line 7
[20-Nov-2025 14:07:34 America/New_York] PHP Deprecated:  Creation of dynamic property CategoryData::$content is deprecated in /home/brightro/domains/catalogo.brightronix.net/public_html/katalog-master/katalog-master/admin/core/app/model/CategoryData.php on line 8
[20-Nov-2025 14:07:34 America/New_York] PHP Deprecated:  Creation of dynamic property CategoryData::$image is deprecated in /home/brightro/domains/catalogo.brightronix.net/public_html/katalog-master/katalog-master/admin/core/app/model/CategoryData.php on line 9
[20-Nov-2025 14:07:34 America/New_York] PHP Deprecated:  Creation of dynamic property CategoryData::$user_id is deprecated in /home/brightro/domains/catalogo.brightronix.net/public_html/katalog-master/katalog-master/admin/core/app/model/CategoryData.php on line 10
[20-Nov-2025 14:07:34 America/New_York] PHP Deprecated:  Creation of dynamic property CategoryData::$is_public is deprecated in /home/brightro/domains/catalogo.brightronix.net/public_html/katalog-master/katalog-master/admin/core/app/model/CategoryData.php on line 11
[20-Nov-2025 14:07:34 America/New_York] PHP Deprecated:  Creation of dynamic property CategoryData::$created_at is deprecated in /home/brightro/domains/catalogo.brightronix.net/public_html/katalog-master/katalog-master/admin/core/app/model/CategoryData.php on line 12
[20-Nov-2025 14:07:34 America/New_York] PHP Deprecated:  Creation of dynamic property CategoryData::$id is deprecated in /home/brightro/domains/catalogo.brightronix.net/public_html/katalog-master/katalog-master/admin/core/controller/Model.php on line 31
[20-Nov-2025 14:07:34 America/New_York] PHP Deprecated:  Creation of dynamic property CategoryData::$name is deprecated in /home/brightro/domains/catalogo.brightronix.net/public_html/katalog-master/katalog-master/admin/core/controller/Model.php on line 31
[20-Nov-2025 14:07:34 America/New_York] PHP Deprecated:  Creation of dynamic property CategoryData::$short_name is deprecated in /home/brightro/domains/catalogo.brightronix.net/public_html/katalog-master/katalog-master/admin/core/controller/Model.php on line 31
[20-Nov-2025 14:07:34 America/New_York] PHP Deprecated:  Creation of dynamic property CategoryData::$in_home is deprecated in /home/brightro/domains/catalogo.brightronix.net/public_html/katalog-master/katalog-master/admin/core/controller/Model.php on line 31
[20-Nov-2025 14:07:34 America/New_York] PHP Deprecated:  Creation of dynamic property CategoryData::$in_menu is deprecated in /home/brightro/domains/catalogo.brightronix.net/public_html/katalog-master/katalog-master/admin/core/controller/Model.php on line 31
[20-Nov-2025 14:07:34 America/New_York] PHP Deprecated:  Creation of dynamic property CategoryData::$is_active is deprecated in /home/brightro/domains/catalogo.brightronix.net/public_html/katalog-master/katalog-master/admin/core/controller/Model.php on line 31
[20-Nov-2025 14:07:34 America/New_York] PHP Deprecated:  Creation of dynamic property CategoryData::$title is deprecated in /home/brightro/domains/catalogo.brightronix.net/public_html/katalog-master/katalog-master/admin/core/app/model/CategoryData.php on line 7
[20-Nov-2025 14:07:34 America/New_York] PHP Deprecated:  Creation of dynamic property CategoryData::$content is deprecated in /home/brightro/domains/catalogo.brightronix.net/public_html/katalog-master/katalog-master/admin/core/app/model/CategoryData.php on line 8
[20-Nov-2025 14:07:34 America/New_York] PHP Deprecated:  Creation of dynamic property CategoryData::$image is deprecated in /home/brightro/domains/catalogo.brightronix.net/public_html/katalog-master/katalog-master/admin/core/app/model/CategoryData.php on line 9
[20-Nov-2025 14:07:34 America/New_York] PHP Deprecated:  Creation of dynamic property CategoryData::$user_id is deprecated in /home/brightro/domains/catalogo.brightronix.net/public_html/katalog-master/katalog-master/admin/core/app/model/CategoryData.php on line 10
[20-Nov-2025 14:07:34 America/New_York] PHP Deprecated:  Creation of dynamic property CategoryData::$is_public is deprecated in /home/brightro/domains/catalogo.brightronix.net/public_html/katalog-master/katalog-master/admin/core/app/model/CategoryData.php on line 11
[20-Nov-2025 14:07:34 America/New_York] PHP Deprecated:  Creation of dynamic property CategoryData::$created_at is deprecated in /home/brightro/domains/catalogo.brightronix.net/public_html/katalog-master/katalog-master/admin/core/app/model/CategoryData.php on line 12
[20-Nov-2025 14:07:34 America/New_York] PHP Deprecated:  Creation of dynamic property CategoryData::$id is deprecated in /home/brightro/domains/catalogo.brightronix.net/public_html/katalog-master/katalog-master/admin/core/controller/Model.php on line 31
[20-Nov-2025 14:07:34 America/New_York] PHP Deprecated:  Creation of dynamic property CategoryData::$name is deprecated in /home/brightro/domains/catalogo.brightronix.net/public_html/katalog-master/katalog-master/admin/core/controller/Model.php on line 31
[20-Nov-2025 14:07:34 America/New_York] PHP Deprecated:  Creation of dynamic property CategoryData::$short_name is deprecated in /home/brightro/domains/catalogo.brightronix.net/public_html/katalog-master/katalog-master/admin/core/controller/Model.php on line 31
[20-Nov-2025 14:07:34 America/New_York] PHP Deprecated:  Creation of dynamic property CategoryData::$in_home is deprecated in /home/brightro/domains/catalogo.brightronix.net/public_html/katalog-master/katalog-master/admin/core/controller/Model.php on line 31
[20-Nov-2025 14:07:34 America/New_York] PHP Deprecated:  Creation of dynamic property CategoryData::$in_menu is deprecated in /home/brightro/domains/catalogo.brightronix.net/public_html/katalog-master/katalog-master/admin/core/controller/Model.php on line 31
[20-Nov-2025 14:07:34 America/New_York] PHP Deprecated:  Creation of dynamic property CategoryData::$is_active is deprecated in /home/brightro/domains/catalogo.brightronix.net/public_html/katalog-master/katalog-master/admin/core/controller/Model.php on line 31
[20-Nov-2025 14:07:34 America/New_York] PHP Deprecated:  Creation of dynamic property CategoryData::$title is deprecated in /home/brightro/domains/catalogo.brightronix.net/public_html/katalog-master/katalog-master/admin/core/app/model/CategoryData.php on line 7
[20-Nov-2025 14:07:34 America/New_York] PHP Deprecated:  Creation of dynamic property CategoryData::$content is deprecated in /home/brightro/domains/catalogo.brightronix.net/public_html/katalog-master/katalog-master/admin/core/app/model/CategoryData.php on line 8
[20-Nov-2025 14:07:34 America/New_York] PHP Deprecated:  Creation of dynamic property CategoryData::$image is deprecated in /home/brightro/domains/catalogo.brightronix.net/public_html/katalog-master/katalog-master/admin/core/app/model/CategoryData.php on line 9
[20-Nov-2025 14:07:34 America/New_York] PHP Deprecated:  Creation of dynamic property CategoryData::$user_id is deprecated in /home/brightro/domains/catalogo.brightronix.net/public_html/katalog-master/katalog-master/admin/core/app/model/CategoryData.php on line 10
[20-Nov-2025 14:07:34 America/New_York] PHP Deprecated:  Creation of dynamic property CategoryData::$is_public is deprecated in /home/brightro/domains/catalogo.brightronix.net/public_html/katalog-master/katalog-master/admin/core/app/model/CategoryData.php on line 11
[20-Nov-2025 14:07:34 America/New_York] PHP Deprecated:  Creation of dynamic property CategoryData::$created_at is deprecated in /home/brightro/domains/catalogo.brightronix.net/public_html/katalog-master/katalog-master/admin/core/app/model/CategoryData.php on line 12
[20-Nov-2025 14:07:34 America/New_York] PHP Deprecated:  Creation of dynamic property CategoryData::$id is deprecated in /home/brightro/domains/catalogo.brightronix.net/public_html/katalog-master/katalog-master/admin/core/controller/Model.php on line 31
[20-Nov-2025 14:07:34 America/New_York] PHP Deprecated:  Creation of dynamic property CategoryData::$name is deprecated in /home/brightro/domains/catalogo.brightronix.net/public_html/katalog-master/katalog-master/admin/core/controller/Model.php on line 31
[20-Nov-2025 14:07:34 America/New_York] PHP Deprecated:  Creation of dynamic property CategoryData::$short_name is deprecated in /home/brightro/domains/catalogo.brightronix.net/public_html/katalog-master/katalog-master/admin/core/controller/Model.php on line 31
[20-Nov-2025 14:07:34 America/New_York] PHP Deprecated:  Creation of dynamic property CategoryData::$in_home is deprecated in /home/brightro/domains/catalogo.brightronix.net/public_html/katalog-master/katalog-master/admin/core/controller/Model.php on line 31
[20-Nov-2025 14:07:34 America/New_York] PHP Deprecated:  Creation of dynamic property CategoryData::$in_menu is deprecated in /home/brightro/domains/catalogo.brightronix.net/public_html/katalog-master/katalog-master/admin/core/controller/Model.php on line 31
[20-Nov-2025 14:07:34 America/New_York] PHP Deprecated:  Creation of dynamic property CategoryData::$is_active is deprecated in /home/brightro/domains/catalogo.brightronix.net/public_html/katalog-master/katalog-master/admin/core/controller/Model.php on line 31
[20-Nov-2025 14:07:34 America/New_York] PHP Deprecated:  Creation of dynamic property CategoryData::$title is deprecated in /home/brightro/domains/catalogo.brightronix.net/public_html/katalog-master/katalog-master/admin/core/app/model/CategoryData.php on line 7
[20-Nov-2025 14:07:34 America/New_York] PHP Deprecated:  Creation of dynamic property CategoryData::$content is deprecated in /home/brightro/domains/catalogo.brightronix.net/public_html/katalog-master/katalog-master/admin/core/app/model/CategoryData.php on line 8
[20-Nov-2025 14:07:34 America/New_York] PHP Deprecated:  Creation of dynamic property CategoryData::$image is deprecated in /home/brightro/domains/catalogo.brightronix.net/public_html/katalog-master/katalog-master/admin/core/app/model/CategoryData.php on line 9
[20-Nov-2025 14:07:34 America/New_York] PHP Deprecated:  Creation of dynamic property CategoryData::$user_id is deprecated in /home/brightro/domains/catalogo.brightronix.net/public_html/katalog-master/katalog-master/admin/core/app/model/CategoryData.php on line 10
[20-Nov-2025 14:07:34 America/New_York] PHP Deprecated:  Creation of dynamic property CategoryData::$is_public is deprecated in /home/brightro/domains/catalogo.brightronix.net/public_html/katalog-master/katalog-master/admin/core/app/model/CategoryData.php on line 11
[20-Nov-2025 14:07:34 America/New_York] PHP Deprecated:  Creation of dynamic property CategoryData::$created_at is deprecated in /home/brightro/domains/catalogo.brightronix.net/public_html/katalog-master/katalog-master/admin/core/app/model/CategoryData.php on line 12
[20-Nov-2025 14:07:34 America/New_York] PHP Deprecated:  Creation of dynamic property CategoryData::$id is deprecated in /home/brightro/domains/catalogo.brightronix.net/public_html/katalog-master/katalog-master/admin/core/controller/Model.php on line 31
[20-Nov-2025 14:07:34 America/New_York] PHP Deprecated:  Creation of dynamic property CategoryData::$name is deprecated in /home/brightro/domains/catalogo.brightronix.net/public_html/katalog-master/katalog-master/admin/core/controller/Model.php on line 31
[20-Nov-2025 14:07:34 America/New_York] PHP Deprecated:  Creation of dynamic property CategoryData::$short_name is deprecated in /home/brightro/domains/catalogo.brightronix.net/public_html/katalog-master/katalog-master/admin/core/controller/Model.php on line 31
[20-Nov-2025 14:07:34 America/New_York] PHP Deprecated:  Creation of dynamic property CategoryData::$in_home is deprecated in /home/brightro/domains/catalogo.brightronix.net/public_html/katalog-master/katalog-master/admin/core/controller/Model.php on line 31
[20-Nov-2025 14:07:34 America/New_York] PHP Deprecated:  Creation of dynamic property CategoryData::$in_menu is deprecated in /home/brightro/domains/catalogo.brightronix.net/public_html/katalog-master/katalog-master/admin/core/controller/Model.php on line 31
[20-Nov-2025 14:07:34 America/New_York] PHP Deprecated:  Creation of dynamic property CategoryData::$is_active is deprecated in /home/brightro/domains/catalogo.brightronix.net/public_html/katalog-master/katalog-master/admin/core/controller/Model.php on line 31
[20-Nov-2025 14:07:34 America/New_York] PHP Deprecated:  Creation of dynamic property CategoryData::$title is deprecated in /home/brightro/domains/catalogo.brightronix.net/public_html/katalog-master/katalog-master/admin/core/app/model/CategoryData.php on line 7
[20-Nov-2025 14:07:34 America/New_York] PHP Deprecated:  Creation of dynamic property CategoryData::$content is deprecated in /home/brightro/domains/catalogo.brightronix.net/public_html/katalog-master/katalog-master/admin/core/app/model/CategoryData.php on line 8
[20-Nov-2025 14:07:34 America/New_York] PHP Deprecated:  Creation of dynamic property CategoryData::$image is deprecated in /home/brightro/domains/catalogo.brightronix.net/public_html/katalog-master/katalog-master/admin/core/app/model/CategoryData.php on line 9
[20-Nov-2025 14:07:34 America/New_York] PHP Deprecated:  Creation of dynamic property CategoryData::$user_id is deprecated in /home/brightro/domains/catalogo.brightronix.net/public_html/katalog-master/katalog-master/admin/core/app/model/CategoryData.php on line 10
[20-Nov-2025 14:07:34 America/New_York] PHP Deprecated:  Creation of dynamic property CategoryData::$is_public is deprecated in /home/brightro/domains/catalogo.brightronix.net/public_html/katalog-master/katalog-master/admin/core/app/model/CategoryData.php on line 11
[20-Nov-2025 14:07:34 America/New_York] PHP Deprecated:  Creation of dynamic property CategoryData::$created_at is deprecated in /home/brightro/domains/catalogo.brightronix.net/public_html/katalog-master/katalog-master/admin/core/app/model/CategoryData.php on line 12
[20-Nov-2025 14:07:34 America/New_York] PHP Deprecated:  Creation of dynamic property CategoryData::$id is deprecated in /home/brightro/domains/catalogo.brightronix.net/public_html/katalog-master/katalog-master/admin/core/controller/Model.php on line 31
[20-Nov-2025 14:07:34 America/New_York] PHP Deprecated:  Creation of dynamic property CategoryData::$name is deprecated in /home/brightro/domains/catalogo.brightronix.net/public_html/katalog-master/katalog-master/admin/core/controller/Model.php on line 31
[20-Nov-2025 14:07:34 America/New_York] PHP Deprecated:  Creation of dynamic property CategoryData::$short_name is deprecated in /home/brightro/domains/catalogo.brightronix.net/public_html/katalog-master/katalog-master/admin/core/controller/Model.php on line 31
[20-Nov-2025 14:07:34 America/New_York] PHP Deprecated:  Creation of dynamic property CategoryData::$in_home is deprecated in /home/brightro/domains/catalogo.brightronix.net/public_html/katalog-master/katalog-master/admin/core/controller/Model.php on line 31
[20-Nov-2025 14:07:34 America/New_York] PHP Deprecated:  Creation of dynamic property CategoryData::$in_menu is deprecated in /home/brightro/domains/catalogo.brightronix.net/public_html/katalog-master/katalog-master/admin/core/controller/Model.php on line 31
[20-Nov-2025 14:07:34 America/New_York] PHP Deprecated:  Creation of dynamic property CategoryData::$is_active is deprecated in /home/brightro/domains/catalogo.brightronix.net/public_html/katalog-master/katalog-master/admin/core/controller/Model.php on line 31
[20-Nov-2025 14:07:34 America/New_York] PHP Deprecated:  Creation of dynamic property CategoryData::$title is deprecated in /home/brightro/domains/catalogo.brightronix.net/public_html/katalog-master/katalog-master/admin/core/app/model/CategoryData.php on line 7
[20-Nov-2025 14:07:34 America/New_York] PHP Deprecated:  Creation of dynamic property CategoryData::$content is deprecated in /home/brightro/domains/catalogo.brightronix.net/public_html/katalog-master/katalog-master/admin/core/app/model/CategoryData.php on line 8
[20-Nov-2025 14:07:34 America/New_York] PHP Deprecated:  Creation of dynamic property CategoryData::$image is deprecated in /home/brightro/domains/catalogo.brightronix.net/public_html/katalog-master/katalog-master/admin/core/app/model/CategoryData.php on line 9
[20-Nov-2025 14:07:34 America/New_York] PHP Deprecated:  Creation of dynamic property CategoryData::$user_id is deprecated in /home/brightro/domains/catalogo.brightronix.net/public_html/katalog-master/katalog-master/admin/core/app/model/CategoryData.php on line 10
[20-Nov-2025 14:07:34 America/New_York] PHP Deprecated:  Creation of dynamic property CategoryData::$is_public is deprecated in /home/brightro/domains/catalogo.brightronix.net/public_html/katalog-master/katalog-master/admin/core/app/model/CategoryData.php on line 11
[20-Nov-2025 14:07:34 America/New_York] PHP Deprecated:  Creation of dynamic property CategoryData::$created_at is deprecated in /home/brightro/domains/catalogo.brightronix.net/public_html/katalog-master/katalog-master/admin/core/app/model/CategoryData.php on line 12
[20-Nov-2025 14:07:34 America/New_York] PHP Deprecated:  Creation of dynamic property CategoryData::$id is deprecated in /home/brightro/domains/catalogo.brightronix.net/public_html/katalog-master/katalog-master/admin/core/controller/Model.php on line 31
[20-Nov-2025 14:07:34 America/New_York] PHP Deprecated:  Creation of dynamic property CategoryData::$name is deprecated in /home/brightro/domains/catalogo.brightronix.net/public_html/katalog-master/katalog-master/admin/core/controller/Model.php on line 31
[20-Nov-2025 14:07:34 America/New_York] PHP Deprecated:  Creation of dynamic property CategoryData::$short_name is deprecated in /home/brightro/domains/catalogo.brightronix.net/public_html/katalog-master/katalog-master/admin/core/controller/Model.php on line 31
[20-Nov-2025 14:07:34 America/New_York] PHP Deprecated:  Creation of dynamic property CategoryData::$in_home is deprecated in /home/brightro/domains/catalogo.brightronix.net/public_html/katalog-master/katalog-master/admin/core/controller/Model.php on line 31
[20-Nov-2025 14:07:34 America/New_York] PHP Deprecated:  Creation of dynamic property CategoryData::$in_menu is deprecated in /home/brightro/domains/catalogo.brightronix.net/public_html/katalog-master/katalog-master/admin/core/controller/Model.php on line 31
[20-Nov-2025 14:07:34 America/New_York] PHP Deprecated:  Creation of dynamic property CategoryData::$is_active is deprecated in /home/brightro/domains/catalogo.brightronix.net/public_html/katalog-master/katalog-master/admin/core/controller/Model.php on line 31
[20-Nov-2025 14:07:34 America/New_York] PHP Deprecated:  Creation of dynamic property CategoryData::$title is deprecated in /home/brightro/domains/catalogo.brightronix.net/public_html/katalog-master/katalog-master/admin/core/app/model/CategoryData.php on line 7
[20-Nov-2025 14:07:34 America/New_York] PHP Deprecated:  Creation of dynamic property CategoryData::$content is deprecated in /home/brightro/domains/catalogo.brightronix.net/public_html/katalog-master/katalog-master/admin/core/app/model/CategoryData.php on line 8
[20-Nov-2025 14:07:34 America/New_York] PHP Deprecated:  Creation of dynamic property CategoryData::$image is deprecated in /home/brightro/domains/catalogo.brightronix.net/public_html/katalog-master/katalog-master/admin/core/app/model/CategoryData.php on line 9
[20-Nov-2025 14:07:34 America/New_York] PHP Deprecated:  Creation of dynamic property CategoryData::$user_id is deprecated in /home/brightro/domains/catalogo.brightronix.net/public_html/katalog-master/katalog-master/admin/core/app/model/CategoryData.php on line 10
[20-Nov-2025 14:07:34 America/New_York] PHP Deprecated:  Creation of dynamic property CategoryData::$is_public is deprecated in /home/brightro/domains/catalogo.brightronix.net/public_html/katalog-master/katalog-master/admin/core/app/model/CategoryData.php on line 11
[20-Nov-2025 14:07:34 America/New_York] PHP Deprecated:  Creation of dynamic property CategoryData::$created_at is deprecated in /home/brightro/domains/catalogo.brightronix.net/public_html/katalog-master/katalog-master/admin/core/app/model/CategoryData.php on line 12
[20-Nov-2025 14:07:34 America/New_York] PHP Deprecated:  Creation of dynamic property CategoryData::$id is deprecated in /home/brightro/domains/catalogo.brightronix.net/public_html/katalog-master/katalog-master/admin/core/controller/Model.php on line 31
[20-Nov-2025 14:07:34 America/New_York] PHP Deprecated:  Creation of dynamic property CategoryData::$name is deprecated in /home/brightro/domains/catalogo.brightronix.net/public_html/katalog-master/katalog-master/admin/core/controller/Model.php on line 31
[20-Nov-2025 14:07:34 America/New_York] PHP Deprecated:  Creation of dynamic property CategoryData::$short_name is deprecated in /home/brightro/domains/catalogo.brightronix.net/public_html/katalog-master/katalog-master/admin/core/controller/Model.php on line 31
[20-Nov-2025 14:07:34 America/New_York] PHP Deprecated:  Creation of dynamic property CategoryData::$in_home is deprecated in /home/brightro/domains/catalogo.brightronix.net/public_html/katalog-master/katalog-master/admin/core/controller/Model.php on line 31
[20-Nov-2025 14:07:34 America/New_York] PHP Deprecated:  Creation of dynamic property CategoryData::$in_menu is deprecated in /home/brightro/domains/catalogo.brightronix.net/public_html/katalog-master/katalog-master/admin/core/controller/Model.php on line 31
[20-Nov-2025 14:07:34 America/New_York] PHP Deprecated:  Creation of dynamic property CategoryData::$is_active is deprecated in /home/brightro/domains/catalogo.brightronix.net/public_html/katalog-master/katalog-master/admin/core/controller/Model.php on line 31
[20-Nov-2025 14:07:34 America/New_York] PHP Deprecated:  Creation of dynamic property CategoryData::$title is deprecated in /home/brightro/domains/catalogo.brightronix.net/public_html/katalog-master/katalog-master/admin/core/app/model/CategoryData.php on line 7
[20-Nov-2025 14:07:34 America/New_York] PHP Deprecated:  Creation of dynamic property CategoryData::$content is deprecated in /home/brightro/domains/catalogo.brightronix.net/public_html/katalog-master/katalog-master/admin/core/app/model/CategoryData.php on line 8
[20-Nov-2025 14:07:34 America/New_York] PHP Deprecated:  Creation of dynamic property CategoryData::$image is deprecated in /home/brightro/domains/catalogo.brightronix.net/public_html/katalog-master/katalog-master/admin/core/app/model/CategoryData.php on line 9
[20-Nov-2025 14:07:34 America/New_York] PHP Deprecated:  Creation of dynamic property CategoryData::$user_id is deprecated in /home/brightro/domains/catalogo.brightronix.net/public_html/katalog-master/katalog-master/admin/core/app/model/CategoryData.php on line 10
[20-Nov-2025 14:07:34 America/New_York] PHP Deprecated:  Creation of dynamic property CategoryData::$is_public is deprecated in /home/brightro/domains/catalogo.brightronix.net/public_html/katalog-master/katalog-master/admin/core/app/model/CategoryData.php on line 11
[20-Nov-2025 14:07:34 America/New_York] PHP Deprecated:  Creation of dynamic property CategoryData::$created_at is deprecated in /home/brightro/domains/catalogo.brightronix.net/public_html/katalog-master/katalog-master/admin/core/app/model/CategoryData.php on line 12
[20-Nov-2025 14:07:34 America/New_York] PHP Deprecated:  Creation of dynamic property CategoryData::$id is deprecated in /home/brightro/domains/catalogo.brightronix.net/public_html/katalog-master/katalog-master/admin/core/controller/Model.php on line 31
[20-Nov-2025 14:07:34 America/New_York] PHP Deprecated:  Creation of dynamic property CategoryData::$name is deprecated in /home/brightro/domains/catalogo.brightronix.net/public_html/katalog-master/katalog-master/admin/core/controller/Model.php on line 31
[20-Nov-2025 14:07:34 America/New_York] PHP Deprecated:  Creation of dynamic property CategoryData::$short_name is deprecated in /home/brightro/domains/catalogo.brightronix.net/public_html/katalog-master/katalog-master/admin/core/controller/Model.php on line 31
[20-Nov-2025 14:07:34 America/New_York] PHP Deprecated:  Creation of dynamic property CategoryData::$in_home is deprecated in /home/brightro/domains/catalogo.brightronix.net/public_html/katalog-master/katalog-master/admin/core/controller/Model.php on line 31
[20-Nov-2025 14:07:34 America/New_York] PHP Deprecated:  Creation of dynamic property CategoryData::$in_menu is deprecated in /home/brightro/domains/catalogo.brightronix.net/public_html/katalog-master/katalog-master/admin/core/controller/Model.php on line 31
[20-Nov-2025 14:07:34 America/New_York] PHP Deprecated:  Creation of dynamic property CategoryData::$is_active is deprecated in /home/brightro/domains/catalogo.brightronix.net/public_html/katalog-master/katalog-master/admin/core/controller/Model.php on line 31
[20-Nov-2025 14:07:34 America/New_York] PHP Deprecated:  Creation of dynamic property CategoryData::$title is deprecated in /home/brightro/domains/catalogo.brightronix.net/public_html/katalog-master/katalog-master/admin/core/app/model/CategoryData.php on line 7
[20-Nov-2025 14:07:34 America/New_York] PHP Deprecated:  Creation of dynamic property CategoryData::$content is deprecated in /home/brightro/domains/catalogo.brightronix.net/public_html/katalog-master/katalog-master/admin/core/app/model/CategoryData.php on line 8
[20-Nov-2025 14:07:34 America/New_York] PHP Deprecated:  Creation of dynamic property CategoryData::$image is deprecated in /home/brightro/domains/catalogo.brightronix.net/public_html/katalog-master/katalog-master/admin/core/app/model/CategoryData.php on line 9
[20-Nov-2025 14:07:34 America/New_York] PHP Deprecated:  Creation of dynamic property CategoryData::$user_id is deprecated in /home/brightro/domains/catalogo.brightronix.net/public_html/katalog-master/katalog-master/admin/core/app/model/CategoryData.php on line 10
[20-Nov-2025 14:07:34 America/New_York] PHP Deprecated:  Creation of dynamic property CategoryData::$is_public is deprecated in /home/brightro/domains/catalogo.brightronix.net/public_html/katalog-master/katalog-master/admin/core/app/model/CategoryData.php on line 11
[20-Nov-2025 14:07:34 America/New_York] PHP Deprecated:  Creation of dynamic property CategoryData::$created_at is deprecated in /home/brightro/domains/catalogo.brightronix.net/public_html/katalog-master/katalog-master/admin/core/app/model/CategoryData.php on line 12
[20-Nov-2025 14:07:34 America/New_York] PHP Deprecated:  Creation of dynamic property CategoryData::$id is deprecated in /home/brightro/domains/catalogo.brightronix.net/public_html/katalog-master/katalog-master/admin/core/controller/Model.php on line 31
[20-Nov-2025 14:07:34 America/New_York] PHP Deprecated:  Creation of dynamic property CategoryData::$name is deprecated in /home/brightro/domains/catalogo.brightronix.net/public_html/katalog-master/katalog-master/admin/core/controller/Model.php on line 31
[20-Nov-2025 14:07:34 America/New_York] PHP Deprecated:  Creation of dynamic property CategoryData::$short_name is deprecated in /home/brightro/domains/catalogo.brightronix.net/public_html/katalog-master/katalog-master/admin/core/controller/Model.php on line 31
[20-Nov-2025 14:07:34 America/New_York] PHP Deprecated:  Creation of dynamic property CategoryData::$in_home is deprecated in /home/brightro/domains/catalogo.brightronix.net/public_html/katalog-master/katalog-master/admin/core/controller/Model.php on line 31
[20-Nov-2025 14:07:34 America/New_York] PHP Deprecated:  Creation of dynamic property CategoryData::$in_menu is deprecated in /home/brightro/domains/catalogo.brightronix.net/public_html/katalog-master/katalog-master/admin/core/controller/Model.php on line 31
[20-Nov-2025 14:07:34 America/New_York] PHP Deprecated:  Creation of dynamic property CategoryData::$is_active is deprecated in /home/brightro/domains/catalogo.brightronix.net/public_html/katalog-master/katalog-master/admin/core/controller/Model.php on line 31
[20-Nov-2025 14:07:34 America/New_York] PHP Deprecated:  Creation of dynamic property CategoryData::$title is deprecated in /home/brightro/domains/catalogo.brightronix.net/public_html/katalog-master/katalog-master/admin/core/app/model/CategoryData.php on line 7
[20-Nov-2025 14:07:34 America/New_York] PHP Deprecated:  Creation of dynamic property CategoryData::$content is deprecated in /home/brightro/domains/catalogo.brightronix.net/public_html/katalog-master/katalog-master/admin/core/app/model/CategoryData.php on line 8
[20-Nov-2025 14:07:34 America/New_York] PHP Deprecated:  Creation of dynamic property CategoryData::$image is deprecated in /home/brightro/domains/catalogo.brightronix.net/public_html/katalog-master/katalog-master/admin/core/app/model/CategoryData.php on line 9
[20-Nov-2025 14:07:34 America/New_York] PHP Deprecated:  Creation of dynamic property CategoryData::$user_id is deprecated in /home/brightro/domains/catalogo.brightronix.net/public_html/katalog-master/katalog-master/admin/core/app/model/CategoryData.php on line 10
[20-Nov-2025 14:07:34 America/New_York] PHP Deprecated:  Creation of dynamic property CategoryData::$is_public is deprecated in /home/brightro/domains/catalogo.brightronix.net/public_html/katalog-master/katalog-master/admin/core/app/model/CategoryData.php on line 11
[20-Nov-2025 14:07:34 America/New_York] PHP Deprecated:  Creation of dynamic property CategoryData::$created_at is deprecated in /home/brightro/domains/catalogo.brightronix.net/public_html/katalog-master/katalog-master/admin/core/app/model/CategoryData.php on line 12
[20-Nov-2025 14:07:34 America/New_York] PHP Deprecated:  Creation of dynamic property CategoryData::$id is deprecated in /home/brightro/domains/catalogo.brightronix.net/public_html/katalog-master/katalog-master/admin/core/controller/Model.php on line 31
[20-Nov-2025 14:07:34 America/New_York] PHP Deprecated:  Creation of dynamic property CategoryData::$name is deprecated in /home/brightro/domains/catalogo.brightronix.net/public_html/katalog-master/katalog-master/admin/core/controller/Model.php on line 31
[20-Nov-2025 14:07:34 America/New_York] PHP Deprecated:  Creation of dynamic property CategoryData::$short_name is deprecated in /home/brightro/domains/catalogo.brightronix.net/public_html/katalog-master/katalog-master/admin/core/controller/Model.php on line 31
[20-Nov-2025 14:07:34 America/New_York] PHP Deprecated:  Creation of dynamic property CategoryData::$in_home is deprecated in /home/brightro/domains/catalogo.brightronix.net/public_html/katalog-master/katalog-master/admin/core/controller/Model.php on line 31
[20-Nov-2025 14:07:34 America/New_York] PHP Deprecated:  Creation of dynamic property CategoryData::$in_menu is deprecated in /home/brightro/domains/catalogo.brightronix.net/public_html/katalog-master/katalog-master/admin/core/controller/Model.php on line 31
[20-Nov-2025 14:07:34 America/New_York] PHP Deprecated:  Creation of dynamic property CategoryData::$is_active is deprecated in /home/brightro/domains/catalogo.brightronix.net/public_html/katalog-master/katalog-master/admin/core/controller/Model.php on line 31
[20-Nov-2025 14:07:34 America/New_York] PHP Deprecated:  Creation of dynamic property CategoryData::$title is deprecated in /home/brightro/domains/catalogo.brightronix.net/public_html/katalog-master/katalog-master/admin/core/app/model/CategoryData.php on line 7
[20-Nov-2025 14:07:34 America/New_York] PHP Deprecated:  Creation of dynamic property CategoryData::$content is deprecated in /home/brightro/domains/catalogo.brightronix.net/public_html/katalog-master/katalog-master/admin/core/app/model/CategoryData.php on line 8
[20-Nov-2025 14:07:34 America/New_York] PHP Deprecated:  Creation of dynamic property CategoryData::$image is deprecated in /home/brightro/domains/catalogo.brightronix.net/public_html/katalog-master/katalog-master/admin/core/app/model/CategoryData.php on line 9
[20-Nov-2025 14:07:34 America/New_York] PHP Deprecated:  Creation of dynamic property CategoryData::$user_id is deprecated in /home/brightro/domains/catalogo.brightronix.net/public_html/katalog-master/katalog-master/admin/core/app/model/CategoryData.php on line 10
[20-Nov-2025 14:07:34 America/New_York] PHP Deprecated:  Creation of dynamic property CategoryData::$is_public is deprecated in /home/brightro/domains/catalogo.brightronix.net/public_html/katalog-master/katalog-master/admin/core/app/model/CategoryData.php on line 11
[20-Nov-2025 14:07:34 America/New_York] PHP Deprecated:  Creation of dynamic property CategoryData::$created_at is deprecated in /home/brightro/domains/catalogo.brightronix.net/public_html/katalog-master/katalog-master/admin/core/app/model/CategoryData.php on line 12
[20-Nov-2025 14:07:34 America/New_York] PHP Deprecated:  Creation of dynamic property CategoryData::$id is deprecated in /home/brightro/domains/catalogo.brightronix.net/public_html/katalog-master/katalog-master/admin/core/controller/Model.php on line 31
[20-Nov-2025 14:07:34 America/New_York] PHP Deprecated:  Creation of dynamic property CategoryData::$name is deprecated in /home/brightro/domains/catalogo.brightronix.net/public_html/katalog-master/katalog-master/admin/core/controller/Model.php on line 31
[20-Nov-2025 14:07:34 America/New_York] PHP Deprecated:  Creation of dynamic property CategoryData::$short_name is deprecated in /home/brightro/domains/catalogo.brightronix.net/public_html/katalog-master/katalog-master/admin/core/controller/Model.php on line 31
[20-Nov-2025 14:07:34 America/New_York] PHP Deprecated:  Creation of dynamic property CategoryData::$in_home is deprecated in /home/brightro/domains/catalogo.brightronix.net/public_html/katalog-master/katalog-master/admin/core/controller/Model.php on line 31
[20-Nov-2025 14:07:34 America/New_York] PHP Deprecated:  Creation of dynamic property CategoryData::$in_menu is deprecated in /home/brightro/domains/catalogo.brightronix.net/public_html/katalog-master/katalog-master/admin/core/controller/Model.php on line 31
[20-Nov-2025 14:07:34 America/New_York] PHP Deprecated:  Creation of dynamic property CategoryData::$is_active is deprecated in /home/brightro/domains/catalogo.brightronix.net/public_html/katalog-master/katalog-master/admin/core/controller/Model.php on line 31
[20-Nov-2025 14:07:34 America/New_York] PHP Deprecated:  Creation of dynamic property CategoryData::$title is deprecated in /home/brightro/domains/catalogo.brightronix.net/public_html/katalog-master/katalog-master/admin/core/app/model/CategoryData.php on line 7
[20-Nov-2025 14:07:34 America/New_York] PHP Deprecated:  Creation of dynamic property CategoryData::$content is deprecated in /home/brightro/domains/catalogo.brightronix.net/public_html/katalog-master/katalog-master/admin/core/app/model/CategoryData.php on line 8
[20-Nov-2025 14:07:34 America/New_York] PHP Deprecated:  Creation of dynamic property CategoryData::$image is deprecated in /home/brightro/domains/catalogo.brightronix.net/public_html/katalog-master/katalog-master/admin/core/app/model/CategoryData.php on line 9
[20-Nov-2025 14:07:34 America/New_York] PHP Deprecated:  Creation of dynamic property CategoryData::$user_id is deprecated in /home/brightro/domains/catalogo.brightronix.net/public_html/katalog-master/katalog-master/admin/core/app/model/CategoryData.php on line 10
[20-Nov-2025 14:07:34 America/New_York] PHP Deprecated:  Creation of dynamic property CategoryData::$is_public is deprecated in /home/brightro/domains/catalogo.brightronix.net/public_html/katalog-master/katalog-master/admin/core/app/model/CategoryData.php on line 11
[20-Nov-2025 14:07:34 America/New_York] PHP Deprecated:  Creation of dynamic property CategoryData::$created_at is deprecated in /home/brightro/domains/catalogo.brightronix.net/public_html/katalog-master/katalog-master/admin/core/app/model/CategoryData.php on line 12
[20-Nov-2025 14:07:34 America/New_York] PHP Deprecated:  Creation of dynamic property CategoryData::$id is deprecated in /home/brightro/domains/catalogo.brightronix.net/public_html/katalog-master/katalog-master/admin/core/controller/Model.php on line 31
[20-Nov-2025 14:07:34 America/New_York] PHP Deprecated:  Creation of dynamic property CategoryData::$name is deprecated in /home/brightro/domains/catalogo.brightronix.net/public_html/katalog-master/katalog-master/admin/core/controller/Model.php on line 31
[20-Nov-2025 14:07:34 America/New_York] PHP Deprecated:  Creation of dynamic property CategoryData::$short_name is deprecated in /home/brightro/domains/catalogo.brightronix.net/public_html/katalog-master/katalog-master/admin/core/controller/Model.php on line 31
[20-Nov-2025 14:07:34 America/New_York] PHP Deprecated:  Creation of dynamic property CategoryData::$in_home is deprecated in /home/brightro/domains/catalogo.brightronix.net/public_html/katalog-master/katalog-master/admin/core/controller/Model.php on line 31
[20-Nov-2025 14:07:34 America/New_York] PHP Deprecated:  Creation of dynamic property CategoryData::$in_menu is deprecated in /home/brightro/domains/catalogo.brightronix.net/public_html/katalog-master/katalog-master/admin/core/controller/Model.php on line 31
[20-Nov-2025 14:07:34 America/New_York] PHP Deprecated:  Creation of dynamic property CategoryData::$is_active is deprecated in /home/brightro/domains/catalogo.brightronix.net/public_html/katalog-master/katalog-master/admin/core/controller/Model.php on line 31
[20-Nov-2025 14:07:34 America/New_York] PHP Deprecated:  Creation of dynamic property CategoryData::$title is deprecated in /home/brightro/domains/catalogo.brightronix.net/public_html/katalog-master/katalog-master/admin/core/app/model/CategoryData.php on line 7
[20-Nov-2025 14:07:34 America/New_York] PHP Deprecated:  Creation of dynamic property CategoryData::$content is deprecated in /home/brightro/domains/catalogo.brightronix.net/public_html/katalog-master/katalog-master/admin/core/app/model/CategoryData.php on line 8
[20-Nov-2025 14:07:34 America/New_York] PHP Deprecated:  Creation of dynamic property CategoryData::$image is deprecated in /home/brightro/domains/catalogo.brightronix.net/public_html/katalog-master/katalog-master/admin/core/app/model/CategoryData.php on line 9
[20-Nov-2025 14:07:34 America/New_York] PHP Deprecated:  Creation of dynamic property CategoryData::$user_id is deprecated in /home/brightro/domains/catalogo.brightronix.net/public_html/katalog-master/katalog-master/admin/core/app/model/CategoryData.php on line 10
[20-Nov-2025 14:07:34 America/New_York] PHP Deprecated:  Creation of dynamic property CategoryData::$is_public is deprecated in /home/brightro/domains/catalogo.brightronix.net/public_html/katalog-master/katalog-master/admin/core/app/model/CategoryData.php on line 11
[20-Nov-2025 14:07:34 America/New_York] PHP Deprecated:  Creation of dynamic property CategoryData::$created_at is deprecated in /home/brightro/domains/catalogo.brightronix.net/public_html/katalog-master/katalog-master/admin/core/app/model/CategoryData.php on line 12
[20-Nov-2025 14:07:34 America/New_York] PHP Deprecated:  Creation of dynamic property CategoryData::$id is deprecated in /home/brightro/domains/catalogo.brightronix.net/public_html/katalog-master/katalog-master/admin/core/controller/Model.php on line 31
[20-Nov-2025 14:07:34 America/New_York] PHP Deprecated:  Creation of dynamic property CategoryData::$name is deprecated in /home/brightro/domains/catalogo.brightronix.net/public_html/katalog-master/katalog-master/admin/core/controller/Model.php on line 31
[20-Nov-2025 14:07:34 America/New_York] PHP Deprecated:  Creation of dynamic property CategoryData::$short_name is deprecated in /home/brightro/domains/catalogo.brightronix.net/public_html/katalog-master/katalog-master/admin/core/controller/Model.php on line 31
[20-Nov-2025 14:07:34 America/New_York] PHP Deprecated:  Creation of dynamic property CategoryData::$in_home is deprecated in /home/brightro/domains/catalogo.brightronix.net/public_html/katalog-master/katalog-master/admin/core/controller/Model.php on line 31
[20-Nov-2025 14:07:34 America/New_York] PHP Deprecated:  Creation of dynamic property CategoryData::$in_menu is deprecated in /home/brightro/domains/catalogo.brightronix.net/public_html/katalog-master/katalog-master/admin/core/controller/Model.php on line 31
[20-Nov-2025 14:07:34 America/New_York] PHP Deprecated:  Creation of dynamic property CategoryData::$is_active is deprecated in /home/brightro/domains/catalogo.brightronix.net/public_html/katalog-master/katalog-master/admin/core/controller/Model.php on line 31
[20-Nov-2025 14:07:34 America/New_York] PHP Deprecated:  Creation of dynamic property CategoryData::$title is deprecated in /home/brightro/domains/catalogo.brightronix.net/public_html/katalog-master/katalog-master/admin/core/app/model/CategoryData.php on line 7
[20-Nov-2025 14:07:34 America/New_York] PHP Deprecated:  Creation of dynamic property CategoryData::$content is deprecated in /home/brightro/domains/catalogo.brightronix.net/public_html/katalog-master/katalog-master/admin/core/app/model/CategoryData.php on line 8
[20-Nov-2025 14:07:34 America/New_York] PHP Deprecated:  Creation of dynamic property CategoryData::$image is deprecated in /home/brightro/domains/catalogo.brightronix.net/public_html/katalog-master/katalog-master/admin/core/app/model/CategoryData.php on line 9
[20-Nov-2025 14:07:34 America/New_York] PHP Deprecated:  Creation of dynamic property CategoryData::$user_id is deprecated in /home/brightro/domains/catalogo.brightronix.net/public_html/katalog-master/katalog-master/admin/core/app/model/CategoryData.php on line 10
[20-Nov-2025 14:07:34 America/New_York] PHP Deprecated:  Creation of dynamic property CategoryData::$is_public is deprecated in /home/brightro/domains/catalogo.brightronix.net/public_html/katalog-master/katalog-master/admin/core/app/model/CategoryData.php on line 11
[20-Nov-2025 14:07:34 America/New_York] PHP Deprecated:  Creation of dynamic property CategoryData::$created_at is deprecated in /home/brightro/domains/catalogo.brightronix.net/public_html/katalog-master/katalog-master/admin/core/app/model/CategoryData.php on line 12
[20-Nov-2025 14:07:34 America/New_York] PHP Deprecated:  Creation of dynamic property CategoryData::$id is deprecated in /home/brightro/domains/catalogo.brightronix.net/public_html/katalog-master/katalog-master/admin/core/controller/Model.php on line 31
[20-Nov-2025 14:07:34 America/New_York] PHP Deprecated:  Creation of dynamic property CategoryData::$name is deprecated in /home/brightro/domains/catalogo.brightronix.net/public_html/katalog-master/katalog-master/admin/core/controller/Model.php on line 31
[20-Nov-2025 14:07:34 America/New_York] PHP Deprecated:  Creation of dynamic property CategoryData::$short_name is deprecated in /home/brightro/domains/catalogo.brightronix.net/public_html/katalog-master/katalog-master/admin/core/controller/Model.php on line 31
[20-Nov-2025 14:07:34 America/New_York] PHP Deprecated:  Creation of dynamic property CategoryData::$in_home is deprecated in /home/brightro/domains/catalogo.brightronix.net/public_html/katalog-master/katalog-master/admin/core/controller/Model.php on line 31
[20-Nov-2025 14:07:34 America/New_York] PHP Deprecated:  Creation of dynamic property CategoryData::$in_menu is deprecated in /home/brightro/domains/catalogo.brightronix.net/public_html/katalog-master/katalog-master/admin/core/controller/Model.php on line 31
[20-Nov-2025 14:07:34 America/New_York] PHP Deprecated:  Creation of dynamic property CategoryData::$is_active is deprecated in /home/brightro/domains/catalogo.brightronix.net/public_html/katalog-master/katalog-master/admin/core/controller/Model.php on line 31
[20-Nov-2025 14:07:34 America/New_York] PHP Deprecated:  Creation of dynamic property CategoryData::$title is deprecated in /home/brightro/domains/catalogo.brightronix.net/public_html/katalog-master/katalog-master/admin/core/app/model/CategoryData.php on line 7
[20-Nov-2025 14:07:34 America/New_York] PHP Deprecated:  Creation of dynamic property CategoryData::$content is deprecated in /home/brightro/domains/catalogo.brightronix.net/public_html/katalog-master/katalog-master/admin/core/app/model/CategoryData.php on line 8
[20-Nov-2025 14:07:34 America/New_York] PHP Deprecated:  Creation of dynamic property CategoryData::$image is deprecated in /home/brightro/domains/catalogo.brightronix.net/public_html/katalog-master/katalog-master/admin/core/app/model/CategoryData.php on line 9
[20-Nov-2025 14:07:34 America/New_York] PHP Deprecated:  Creation of dynamic property CategoryData::$user_id is deprecated in /home/brightro/domains/catalogo.brightronix.net/public_html/katalog-master/katalog-master/admin/core/app/model/CategoryData.php on line 10
[20-Nov-2025 14:07:34 America/New_York] PHP Deprecated:  Creation of dynamic property CategoryData::$is_public is deprecated in /home/brightro/domains/catalogo.brightronix.net/public_html/katalog-master/katalog-master/admin/core/app/model/CategoryData.php on line 11
[20-Nov-2025 14:07:34 America/New_York] PHP Deprecated:  Creation of dynamic property CategoryData::$created_at is deprecated in /home/brightro/domains/catalogo.brightronix.net/public_html/katalog-master/katalog-master/admin/core/app/model/CategoryData.php on line 12
[20-Nov-2025 14:07:34 America/New_York] PHP Deprecated:  Creation of dynamic property CategoryData::$id is deprecated in /home/brightro/domains/catalogo.brightronix.net/public_html/katalog-master/katalog-master/admin/core/controller/Model.php on line 31
[20-Nov-2025 14:07:34 America/New_York] PHP Deprecated:  Creation of dynamic property CategoryData::$name is deprecated in /home/brightro/domains/catalogo.brightronix.net/public_html/katalog-master/katalog-master/admin/core/controller/Model.php on line 31
[20-Nov-2025 14:07:34 America/New_York] PHP Deprecated:  Creation of dynamic property CategoryData::$short_name is deprecated in /home/brightro/domains/catalogo.brightronix.net/public_html/katalog-master/katalog-master/admin/core/controller/Model.php on line 31
[20-Nov-2025 14:07:34 America/New_York] PHP Deprecated:  Creation of dynamic property CategoryData::$in_home is deprecated in /home/brightro/domains/catalogo.brightronix.net/public_html/katalog-master/katalog-master/admin/core/controller/Model.php on line 31
[20-Nov-2025 14:07:34 America/New_York] PHP Deprecated:  Creation of dynamic property CategoryData::$in_menu is deprecated in /home/brightro/domains/catalogo.brightronix.net/public_html/katalog-master/katalog-master/admin/core/controller/Model.php on line 31
[20-Nov-2025 14:07:34 America/New_York] PHP Deprecated:  Creation of dynamic property CategoryData::$is_active is deprecated in /home/brightro/domains/catalogo.brightronix.net/public_html/katalog-master/katalog-master/admin/core/controller/Model.php on line 31
[20-Nov-2025 14:09:16 America/New_York] PHP Deprecated:  Creation of dynamic property Database::$user is deprecated in /home/brightro/domains/catalogo.brightronix.net/public_html/katalog-master/katalog-master/admin/core/controller/Database.php on line 7
[20-Nov-2025 14:09:16 America/New_York] PHP Deprecated:  Creation of dynamic property Database::$pass is deprecated in /home/brightro/domains/catalogo.brightronix.net/public_html/katalog-master/katalog-master/admin/core/controller/Database.php on line 8
[20-Nov-2025 14:09:16 America/New_York] PHP Deprecated:  Creation of dynamic property Database::$host is deprecated in /home/brightro/domains/catalogo.brightronix.net/public_html/katalog-master/katalog-master/admin/core/controller/Database.php on line 9
[20-Nov-2025 14:09:16 America/New_York] PHP Deprecated:  Creation of dynamic property Database::$ddbb is deprecated in /home/brightro/domains/catalogo.brightronix.net/public_html/katalog-master/katalog-master/admin/core/controller/Database.php on line 10
[20-Nov-2025 14:09:16 America/New_York] PHP Deprecated:  Creation of dynamic property UserData::$name is deprecated in /home/brightro/domains/catalogo.brightronix.net/public_html/katalog-master/katalog-master/admin/core/app/model/UserData.php on line 6
[20-Nov-2025 14:09:16 America/New_York] PHP Deprecated:  Creation of dynamic property UserData::$lastname is deprecated in /home/brightro/domains/catalogo.brightronix.net/public_html/katalog-master/katalog-master/admin/core/app/model/UserData.php on line 7
[20-Nov-2025 14:09:16 America/New_York] PHP Deprecated:  Creation of dynamic property UserData::$email is deprecated in /home/brightro/domains/catalogo.brightronix.net/public_html/katalog-master/katalog-master/admin/core/app/model/UserData.php on line 8
[20-Nov-2025 14:09:16 America/New_York] PHP Deprecated:  Creation of dynamic property UserData::$username is deprecated in /home/brightro/domains/catalogo.brightronix.net/public_html/katalog-master/katalog-master/admin/core/app/model/UserData.php on line 9
[20-Nov-2025 14:09:16 America/New_York] PHP Deprecated:  Creation of dynamic property UserData::$password is deprecated in /home/brightro/domains/catalogo.brightronix.net/public_html/katalog-master/katalog-master/admin/core/app/model/UserData.php on line 10
[20-Nov-2025 14:09:16 America/New_York] PHP Deprecated:  Creation of dynamic property UserData::$created_at is deprecated in /home/brightro/domains/catalogo.brightronix.net/public_html/katalog-master/katalog-master/admin/core/app/model/UserData.php on line 11
[20-Nov-2025 14:09:16 America/New_York] PHP Deprecated:  Creation of dynamic property UserData::$id is deprecated in /home/brightro/domains/catalogo.brightronix.net/public_html/katalog-master/katalog-master/admin/core/app/model/UserData.php on line 97
[20-Nov-2025 14:09:16 America/New_York] PHP Deprecated:  Creation of dynamic property UserData::$is_active is deprecated in /home/brightro/domains/catalogo.brightronix.net/public_html/katalog-master/katalog-master/admin/core/app/model/UserData.php on line 97
[20-Nov-2025 14:14:29 America/New_York] PHP Deprecated:  Creation of dynamic property UserData::$name is deprecated in /home/brightro/domains/catalogo.brightronix.net/public_html/katalog-master/katalog-master/admin/core/app/model/UserData.php on line 6
[20-Nov-2025 14:14:29 America/New_York] PHP Deprecated:  Creation of dynamic property UserData::$lastname is deprecated in /home/brightro/domains/catalogo.brightronix.net/public_html/katalog-master/katalog-master/admin/core/app/model/UserData.php on line 7
[20-Nov-2025 14:14:29 America/New_York] PHP Deprecated:  Creation of dynamic property UserData::$email is deprecated in /home/brightro/domains/catalogo.brightronix.net/public_html/katalog-master/katalog-master/admin/core/app/model/UserData.php on line 8
[20-Nov-2025 14:14:29 America/New_York] PHP Deprecated:  Creation of dynamic property UserData::$username is deprecated in /home/brightro/domains/catalogo.brightronix.net/public_html/katalog-master/katalog-master/admin/core/app/model/UserData.php on line 9
[20-Nov-2025 14:14:29 America/New_York] PHP Deprecated:  Creation of dynamic property UserData::$password is deprecated in /home/brightro/domains/catalogo.brightronix.net/public_html/katalog-master/katalog-master/admin/core/app/model/UserData.php on line 10
[20-Nov-2025 14:14:29 America/New_York] PHP Deprecated:  Creation of dynamic property UserData::$created_at is deprecated in /home/brightro/domains/catalogo.brightronix.net/public_html/katalog-master/katalog-master/admin/core/app/model/UserData.php on line 11
[20-Nov-2025 14:14:29 America/New_York] PHP Deprecated:  Creation of dynamic property UserData::$id is deprecated in /home/brightro/domains/catalogo.brightronix.net/public_html/katalog-master/katalog-master/admin/core/app/model/UserData.php on line 97
[20-Nov-2025 14:14:29 America/New_York] PHP Deprecated:  Creation of dynamic property UserData::$is_active is deprecated in /home/brightro/domains/catalogo.brightronix.net/public_html/katalog-master/katalog-master/admin/core/app/model/UserData.php on line 97
[20-Nov-2025 14:14:31 America/New_York] PHP Deprecated:  Creation of dynamic property UserData::$name is deprecated in /home/brightro/domains/catalogo.brightronix.net/public_html/katalog-master/katalog-master/admin/core/app/model/UserData.php on line 6
[20-Nov-2025 14:14:31 America/New_York] PHP Deprecated:  Creation of dynamic property UserData::$lastname is deprecated in /home/brightro/domains/catalogo.brightronix.net/public_html/katalog-master/katalog-master/admin/core/app/model/UserData.php on line 7
[20-Nov-2025 14:14:31 America/New_York] PHP Deprecated:  Creation of dynamic property UserData::$email is deprecated in /home/brightro/domains/catalogo.brightronix.net/public_html/katalog-master/katalog-master/admin/core/app/model/UserData.php on line 8
[20-Nov-2025 14:14:31 America/New_York] PHP Deprecated:  Creation of dynamic property UserData::$username is deprecated in /home/brightro/domains/catalogo.brightronix.net/public_html/katalog-master/katalog-master/admin/core/app/model/UserData.php on line 9
[20-Nov-2025 14:14:31 America/New_York] PHP Deprecated:  Creation of dynamic property UserData::$password is deprecated in /home/brightro/domains/catalogo.brightronix.net/public_html/katalog-master/katalog-master/admin/core/app/model/UserData.php on line 10
[20-Nov-2025 14:14:31 America/New_York] PHP Deprecated:  Creation of dynamic property UserData::$created_at is deprecated in /home/brightro/domains/catalogo.brightronix.net/public_html/katalog-master/katalog-master/admin/core/app/model/UserData.php on line 11
[20-Nov-2025 14:14:31 America/New_York] PHP Deprecated:  Creation of dynamic property UserData::$id is deprecated in /home/brightro/domains/catalogo.brightronix.net/public_html/katalog-master/katalog-master/admin/core/app/model/UserData.php on line 97
[20-Nov-2025 14:14:31 America/New_York] PHP Deprecated:  Creation of dynamic property UserData::$is_active is deprecated in /home/brightro/domains/catalogo.brightronix.net/public_html/katalog-master/katalog-master/admin/core/app/model/UserData.php on line 97
[20-Nov-2025 14:14:31 America/New_York] PHP Deprecated:  Creation of dynamic property CategoryData::$title is deprecated in /home/brightro/domains/catalogo.brightronix.net/public_html/katalog-master/katalog-master/admin/core/app/model/CategoryData.php on line 7
[20-Nov-2025 14:14:31 America/New_York] PHP Deprecated:  Creation of dynamic property CategoryData::$content is deprecated in /home/brightro/domains/catalogo.brightronix.net/public_html/katalog-master/katalog-master/admin/core/app/model/CategoryData.php on line 8
[20-Nov-2025 14:14:31 America/New_York] PHP Deprecated:  Creation of dynamic property CategoryData::$image is deprecated in /home/brightro/domains/catalogo.brightronix.net/public_html/katalog-master/katalog-master/admin/core/app/model/CategoryData.php on line 9
[20-Nov-2025 14:14:31 America/New_York] PHP Deprecated:  Creation of dynamic property CategoryData::$user_id is deprecated in /home/brightro/domains/catalogo.brightronix.net/public_html/katalog-master/katalog-master/admin/core/app/model/CategoryData.php on line 10
[20-Nov-2025 14:14:31 America/New_York] PHP Deprecated:  Creation of dynamic property CategoryData::$is_public is deprecated in /home/brightro/domains/catalogo.brightronix.net/public_html/katalog-master/katalog-master/admin/core/app/model/CategoryData.php on line 11
[20-Nov-2025 14:14:31 America/New_York] PHP Deprecated:  Creation of dynamic property CategoryData::$created_at is deprecated in /home/brightro/domains/catalogo.brightronix.net/public_html/katalog-master/katalog-master/admin/core/app/model/CategoryData.php on line 12
[20-Nov-2025 14:14:31 America/New_York] PHP Deprecated:  Creation of dynamic property CategoryData::$title is deprecated in /home/brightro/domains/catalogo.brightronix.net/public_html/katalog-master/katalog-master/admin/core/app/model/CategoryData.php on line 7
[20-Nov-2025 14:14:31 America/New_York] PHP Deprecated:  Creation of dynamic property CategoryData::$content is deprecated in /home/brightro/domains/catalogo.brightronix.net/public_html/katalog-master/katalog-master/admin/core/app/model/CategoryData.php on line 8
[20-Nov-2025 14:14:31 America/New_York] PHP Deprecated:  Creation of dynamic property CategoryData::$image is deprecated in /home/brightro/domains/catalogo.brightronix.net/public_html/katalog-master/katalog-master/admin/core/app/model/CategoryData.php on line 9
[20-Nov-2025 14:14:31 America/New_York] PHP Deprecated:  Creation of dynamic property CategoryData::$user_id is deprecated in /home/brightro/domains/catalogo.brightronix.net/public_html/katalog-master/katalog-master/admin/core/app/model/CategoryData.php on line 10
[20-Nov-2025 14:14:31 America/New_York] PHP Deprecated:  Creation of dynamic property CategoryData::$is_public is deprecated in /home/brightro/domains/catalogo.brightronix.net/public_html/katalog-master/katalog-master/admin/core/app/model/CategoryData.php on line 11
[20-Nov-2025 14:14:31 America/New_York] PHP Deprecated:  Creation of dynamic property CategoryData::$created_at is deprecated in /home/brightro/domains/catalogo.brightronix.net/public_html/katalog-master/katalog-master/admin/core/app/model/CategoryData.php on line 12
[20-Nov-2025 14:14:31 America/New_York] PHP Deprecated:  Creation of dynamic property CategoryData::$id is deprecated in /home/brightro/domains/catalogo.brightronix.net/public_html/katalog-master/katalog-master/admin/core/controller/Model.php on line 31
[20-Nov-2025 14:14:31 America/New_York] PHP Deprecated:  Creation of dynamic property CategoryData::$name is deprecated in /home/brightro/domains/catalogo.brightronix.net/public_html/katalog-master/katalog-master/admin/core/controller/Model.php on line 31
[20-Nov-2025 14:14:31 America/New_York] PHP Deprecated:  Creation of dynamic property CategoryData::$short_name is deprecated in /home/brightro/domains/catalogo.brightronix.net/public_html/katalog-master/katalog-master/admin/core/controller/Model.php on line 31
[20-Nov-2025 14:14:31 America/New_York] PHP Deprecated:  Creation of dynamic property CategoryData::$in_home is deprecated in /home/brightro/domains/catalogo.brightronix.net/public_html/katalog-master/katalog-master/admin/core/controller/Model.php on line 31
[20-Nov-2025 14:14:31 America/New_York] PHP Deprecated:  Creation of dynamic property CategoryData::$in_menu is deprecated in /home/brightro/domains/catalogo.brightronix.net/public_html/katalog-master/katalog-master/admin/core/controller/Model.php on line 31
[20-Nov-2025 14:14:31 America/New_York] PHP Deprecated:  Creation of dynamic property CategoryData::$is_active is deprecated in /home/brightro/domains/catalogo.brightronix.net/public_html/katalog-master/katalog-master/admin/core/controller/Model.php on line 31
[20-Nov-2025 14:14:31 America/New_York] PHP Deprecated:  Creation of dynamic property CategoryData::$title is deprecated in /home/brightro/domains/catalogo.brightronix.net/public_html/katalog-master/katalog-master/admin/core/app/model/CategoryData.php on line 7
[20-Nov-2025 14:14:31 America/New_York] PHP Deprecated:  Creation of dynamic property CategoryData::$content is deprecated in /home/brightro/domains/catalogo.brightronix.net/public_html/katalog-master/katalog-master/admin/core/app/model/CategoryData.php on line 8
[20-Nov-2025 14:14:31 America/New_York] PHP Deprecated:  Creation of dynamic property CategoryData::$image is deprecated in /home/brightro/domains/catalogo.brightronix.net/public_html/katalog-master/katalog-master/admin/core/app/model/CategoryData.php on line 9
[20-Nov-2025 14:14:31 America/New_York] PHP Deprecated:  Creation of dynamic property CategoryData::$user_id is deprecated in /home/brightro/domains/catalogo.brightronix.net/public_html/katalog-master/katalog-master/admin/core/app/model/CategoryData.php on line 10
[20-Nov-2025 14:14:31 America/New_York] PHP Deprecated:  Creation of dynamic property CategoryData::$is_public is deprecated in /home/brightro/domains/catalogo.brightronix.net/public_html/katalog-master/katalog-master/admin/core/app/model/CategoryData.php on line 11
[20-Nov-2025 14:14:31 America/New_York] PHP Deprecated:  Creation of dynamic property CategoryData::$created_at is deprecated in /home/brightro/domains/catalogo.brightronix.net/public_html/katalog-master/katalog-master/admin/core/app/model/CategoryData.php on line 12
[20-Nov-2025 14:14:31 America/New_York] PHP Deprecated:  Creation of dynamic property CategoryData::$id is deprecated in /home/brightro/domains/catalogo.brightronix.net/public_html/katalog-master/katalog-master/admin/core/controller/Model.php on line 31
[20-Nov-2025 14:14:31 America/New_York] PHP Deprecated:  Creation of dynamic property CategoryData::$name is deprecated in /home/brightro/domains/catalogo.brightronix.net/public_html/katalog-master/katalog-master/admin/core/controller/Model.php on line 31
[20-Nov-2025 14:14:31 America/New_York] PHP Deprecated:  Creation of dynamic property CategoryData::$short_name is deprecated in /home/brightro/domains/catalogo.brightronix.net/public_html/katalog-master/katalog-master/admin/core/controller/Model.php on line 31
[20-Nov-2025 14:14:31 America/New_York] PHP Deprecated:  Creation of dynamic property CategoryData::$in_home is deprecated in /home/brightro/domains/catalogo.brightronix.net/public_html/katalog-master/katalog-master/admin/core/controller/Model.php on line 31
[20-Nov-2025 14:14:31 America/New_York] PHP Deprecated:  Creation of dynamic property CategoryData::$in_menu is deprecated in /home/brightro/domains/catalogo.brightronix.net/public_html/katalog-master/katalog-master/admin/core/controller/Model.php on line 31
[20-Nov-2025 14:14:31 America/New_York] PHP Deprecated:  Creation of dynamic property CategoryData::$is_active is deprecated in /home/brightro/domains/catalogo.brightronix.net/public_html/katalog-master/katalog-master/admin/core/controller/Model.php on line 31
[20-Nov-2025 14:14:31 America/New_York] PHP Deprecated:  Creation of dynamic property CategoryData::$title is deprecated in /home/brightro/domains/catalogo.brightronix.net/public_html/katalog-master/katalog-master/admin/core/app/model/CategoryData.php on line 7
[20-Nov-2025 14:14:31 America/New_York] PHP Deprecated:  Creation of dynamic property CategoryData::$content is deprecated in /home/brightro/domains/catalogo.brightronix.net/public_html/katalog-master/katalog-master/admin/core/app/model/CategoryData.php on line 8
[20-Nov-2025 14:14:31 America/New_York] PHP Deprecated:  Creation of dynamic property CategoryData::$image is deprecated in /home/brightro/domains/catalogo.brightronix.net/public_html/katalog-master/katalog-master/admin/core/app/model/CategoryData.php on line 9
[20-Nov-2025 14:14:31 America/New_York] PHP Deprecated:  Creation of dynamic property CategoryData::$user_id is deprecated in /home/brightro/domains/catalogo.brightronix.net/public_html/katalog-master/katalog-master/admin/core/app/model/CategoryData.php on line 10
[20-Nov-2025 14:14:31 America/New_York] PHP Deprecated:  Creation of dynamic property CategoryData::$is_public is deprecated in /home/brightro/domains/catalogo.brightronix.net/public_html/katalog-master/katalog-master/admin/core/app/model/CategoryData.php on line 11
[20-Nov-2025 14:14:31 America/New_York] PHP Deprecated:  Creation of dynamic property CategoryData::$created_at is deprecated in /home/brightro/domains/catalogo.brightronix.net/public_html/katalog-master/katalog-master/admin/core/app/model/CategoryData.php on line 12
[20-Nov-2025 14:14:31 America/New_York] PHP Deprecated:  Creation of dynamic property CategoryData::$id is deprecated in /home/brightro/domains/catalogo.brightronix.net/public_html/katalog-master/katalog-master/admin/core/controller/Model.php on line 31
[20-Nov-2025 14:14:31 America/New_York] PHP Deprecated:  Creation of dynamic property CategoryData::$name is deprecated in /home/brightro/domains/catalogo.brightronix.net/public_html/katalog-master/katalog-master/admin/core/controller/Model.php on line 31
[20-Nov-2025 14:14:31 America/New_York] PHP Deprecated:  Creation of dynamic property CategoryData::$short_name is deprecated in /home/brightro/domains/catalogo.brightronix.net/public_html/katalog-master/katalog-master/admin/core/controller/Model.php on line 31
[20-Nov-2025 14:14:31 America/New_York] PHP Deprecated:  Creation of dynamic property CategoryData::$in_home is deprecated in /home/brightro/domains/catalogo.brightronix.net/public_html/katalog-master/katalog-master/admin/core/controller/Model.php on line 31
[20-Nov-2025 14:14:31 America/New_York] PHP Deprecated:  Creation of dynamic property CategoryData::$in_menu is deprecated in /home/brightro/domains/catalogo.brightronix.net/public_html/katalog-master/katalog-master/admin/core/controller/Model.php on line 31
[20-Nov-2025 14:14:31 America/New_York] PHP Deprecated:  Creation of dynamic property CategoryData::$is_active is deprecated in /home/brightro/domains/catalogo.brightronix.net/public_html/katalog-master/katalog-master/admin/core/controller/Model.php on line 31
[20-Nov-2025 14:14:31 America/New_York] PHP Deprecated:  Creation of dynamic property CategoryData::$title is deprecated in /home/brightro/domains/catalogo.brightronix.net/public_html/katalog-master/katalog-master/admin/core/app/model/CategoryData.php on line 7
[20-Nov-2025 14:14:31 America/New_York] PHP Deprecated:  Creation of dynamic property CategoryData::$content is deprecated in /home/brightro/domains/catalogo.brightronix.net/public_html/katalog-master/katalog-master/admin/core/app/model/CategoryData.php on line 8
[20-Nov-2025 14:14:31 America/New_York] PHP Deprecated:  Creation of dynamic property CategoryData::$image is deprecated in /home/brightro/domains/catalogo.brightronix.net/public_html/katalog-master/katalog-master/admin/core/app/model/CategoryData.php on line 9
[20-Nov-2025 14:14:31 America/New_York] PHP Deprecated:  Creation of dynamic property CategoryData::$user_id is deprecated in /home/brightro/domains/catalogo.brightronix.net/public_html/katalog-master/katalog-master/admin/core/app/model/CategoryData.php on line 10
[20-Nov-2025 14:14:31 America/New_York] PHP Deprecated:  Creation of dynamic property CategoryData::$is_public is deprecated in /home/brightro/domains/catalogo.brightronix.net/public_html/katalog-master/katalog-master/admin/core/app/model/CategoryData.php on line 11
[20-Nov-2025 14:14:31 America/New_York] PHP Deprecated:  Creation of dynamic property CategoryData::$created_at is deprecated in /home/brightro/domains/catalogo.brightronix.net/public_html/katalog-master/katalog-master/admin/core/app/model/CategoryData.php on line 12
[20-Nov-2025 14:14:31 America/New_York] PHP Deprecated:  Creation of dynamic property CategoryData::$id is deprecated in /home/brightro/domains/catalogo.brightronix.net/public_html/katalog-master/katalog-master/admin/core/controller/Model.php on line 31
[20-Nov-2025 14:14:31 America/New_York] PHP Deprecated:  Creation of dynamic property CategoryData::$name is deprecated in /home/brightro/domains/catalogo.brightronix.net/public_html/katalog-master/katalog-master/admin/core/controller/Model.php on line 31
[20-Nov-2025 14:14:31 America/New_York] PHP Deprecated:  Creation of dynamic property CategoryData::$short_name is deprecated in /home/brightro/domains/catalogo.brightronix.net/public_html/katalog-master/katalog-master/admin/core/controller/Model.php on line 31
[20-Nov-2025 14:14:31 America/New_York] PHP Deprecated:  Creation of dynamic property CategoryData::$in_home is deprecated in /home/brightro/domains/catalogo.brightronix.net/public_html/katalog-master/katalog-master/admin/core/controller/Model.php on line 31
[20-Nov-2025 14:14:31 America/New_York] PHP Deprecated:  Creation of dynamic property CategoryData::$in_menu is deprecated in /home/brightro/domains/catalogo.brightronix.net/public_html/katalog-master/katalog-master/admin/core/controller/Model.php on line 31
[20-Nov-2025 14:14:31 America/New_York] PHP Deprecated:  Creation of dynamic property CategoryData::$is_active is deprecated in /home/brightro/domains/catalogo.brightronix.net/public_html/katalog-master/katalog-master/admin/core/controller/Model.php on line 31
[20-Nov-2025 14:14:31 America/New_York] PHP Deprecated:  Creation of dynamic property CategoryData::$title is deprecated in /home/brightro/domains/catalogo.brightronix.net/public_html/katalog-master/katalog-master/admin/core/app/model/CategoryData.php on line 7
[20-Nov-2025 14:14:31 America/New_York] PHP Deprecated:  Creation of dynamic property CategoryData::$content is deprecated in /home/brightro/domains/catalogo.brightronix.net/public_html/katalog-master/katalog-master/admin/core/app/model/CategoryData.php on line 8
[20-Nov-2025 14:14:31 America/New_York] PHP Deprecated:  Creation of dynamic property CategoryData::$image is deprecated in /home/brightro/domains/catalogo.brightronix.net/public_html/katalog-master/katalog-master/admin/core/app/model/CategoryData.php on line 9
[20-Nov-2025 14:14:31 America/New_York] PHP Deprecated:  Creation of dynamic property CategoryData::$user_id is deprecated in /home/brightro/domains/catalogo.brightronix.net/public_html/katalog-master/katalog-master/admin/core/app/model/CategoryData.php on line 10
[20-Nov-2025 14:14:31 America/New_York] PHP Deprecated:  Creation of dynamic property CategoryData::$is_public is deprecated in /home/brightro/domains/catalogo.brightronix.net/public_html/katalog-master/katalog-master/admin/core/app/model/CategoryData.php on line 11
[20-Nov-2025 14:14:31 America/New_York] PHP Deprecated:  Creation of dynamic property CategoryData::$created_at is deprecated in /home/brightro/domains/catalogo.brightronix.net/public_html/katalog-master/katalog-master/admin/core/app/model/CategoryData.php on line 12
[20-Nov-2025 14:14:31 America/New_York] PHP Deprecated:  Creation of dynamic property CategoryData::$id is deprecated in /home/brightro/domains/catalogo.brightronix.net/public_html/katalog-master/katalog-master/admin/core/controller/Model.php on line 31
[20-Nov-2025 14:14:31 America/New_York] PHP Deprecated:  Creation of dynamic property CategoryData::$name is deprecated in /home/brightro/domains/catalogo.brightronix.net/public_html/katalog-master/katalog-master/admin/core/controller/Model.php on line 31
[20-Nov-2025 14:14:31 America/New_York] PHP Deprecated:  Creation of dynamic property CategoryData::$short_name is deprecated in /home/brightro/domains/catalogo.brightronix.net/public_html/katalog-master/katalog-master/admin/core/controller/Model.php on line 31
[20-Nov-2025 14:14:31 America/New_York] PHP Deprecated:  Creation of dynamic property CategoryData::$in_home is deprecated in /home/brightro/domains/catalogo.brightronix.net/public_html/katalog-master/katalog-master/admin/core/controller/Model.php on line 31
[20-Nov-2025 14:14:31 America/New_York] PHP Deprecated:  Creation of dynamic property CategoryData::$in_menu is deprecated in /home/brightro/domains/catalogo.brightronix.net/public_html/katalog-master/katalog-master/admin/core/controller/Model.php on line 31
[20-Nov-2025 14:14:31 America/New_York] PHP Deprecated:  Creation of dynamic property CategoryData::$is_active is deprecated in /home/brightro/domains/catalogo.brightronix.net/public_html/katalog-master/katalog-master/admin/core/controller/Model.php on line 31
[20-Nov-2025 14:14:31 America/New_York] PHP Deprecated:  Creation of dynamic property CategoryData::$title is deprecated in /home/brightro/domains/catalogo.brightronix.net/public_html/katalog-master/katalog-master/admin/core/app/model/CategoryData.php on line 7
[20-Nov-2025 14:14:31 America/New_York] PHP Deprecated:  Creation of dynamic property CategoryData::$content is deprecated in /home/brightro/domains/catalogo.brightronix.net/public_html/katalog-master/katalog-master/admin/core/app/model/CategoryData.php on line 8
[20-Nov-2025 14:14:31 America/New_York] PHP Deprecated:  Creation of dynamic property CategoryData::$image is deprecated in /home/brightro/domains/catalogo.brightronix.net/public_html/katalog-master/katalog-master/admin/core/app/model/CategoryData.php on line 9
[20-Nov-2025 14:14:31 America/New_York] PHP Deprecated:  Creation of dynamic property CategoryData::$user_id is deprecated in /home/brightro/domains/catalogo.brightronix.net/public_html/katalog-master/katalog-master/admin/core/app/model/CategoryData.php on line 10
[20-Nov-2025 14:14:31 America/New_York] PHP Deprecated:  Creation of dynamic property CategoryData::$is_public is deprecated in /home/brightro/domains/catalogo.brightronix.net/public_html/katalog-master/katalog-master/admin/core/app/model/CategoryData.php on line 11
[20-Nov-2025 14:14:31 America/New_York] PHP Deprecated:  Creation of dynamic property CategoryData::$created_at is deprecated in /home/brightro/domains/catalogo.brightronix.net/public_html/katalog-master/katalog-master/admin/core/app/model/CategoryData.php on line 12
[20-Nov-2025 14:14:31 America/New_York] PHP Deprecated:  Creation of dynamic property CategoryData::$id is deprecated in /home/brightro/domains/catalogo.brightronix.net/public_html/katalog-master/katalog-master/admin/core/controller/Model.php on line 31
[20-Nov-2025 14:14:31 America/New_York] PHP Deprecated:  Creation of dynamic property CategoryData::$name is deprecated in /home/brightro/domains/catalogo.brightronix.net/public_html/katalog-master/katalog-master/admin/core/controller/Model.php on line 31
[20-Nov-2025 14:14:31 America/New_York] PHP Deprecated:  Creation of dynamic property CategoryData::$short_name is deprecated in /home/brightro/domains/catalogo.brightronix.net/public_html/katalog-master/katalog-master/admin/core/controller/Model.php on line 31
[20-Nov-2025 14:14:31 America/New_York] PHP Deprecated:  Creation of dynamic property CategoryData::$in_home is deprecated in /home/brightro/domains/catalogo.brightronix.net/public_html/katalog-master/katalog-master/admin/core/controller/Model.php on line 31
[20-Nov-2025 14:14:31 America/New_York] PHP Deprecated:  Creation of dynamic property CategoryData::$in_menu is deprecated in /home/brightro/domains/catalogo.brightronix.net/public_html/katalog-master/katalog-master/admin/core/controller/Model.php on line 31
[20-Nov-2025 14:14:31 America/New_York] PHP Deprecated:  Creation of dynamic property CategoryData::$is_active is deprecated in /home/brightro/domains/catalogo.brightronix.net/public_html/katalog-master/katalog-master/admin/core/controller/Model.php on line 31
[20-Nov-2025 14:14:31 America/New_York] PHP Deprecated:  Creation of dynamic property CategoryData::$title is deprecated in /home/brightro/domains/catalogo.brightronix.net/public_html/katalog-master/katalog-master/admin/core/app/model/CategoryData.php on line 7
[20-Nov-2025 14:14:31 America/New_York] PHP Deprecated:  Creation of dynamic property CategoryData::$content is deprecated in /home/brightro/domains/catalogo.brightronix.net/public_html/katalog-master/katalog-master/admin/core/app/model/CategoryData.php on line 8
[20-Nov-2025 14:14:31 America/New_York] PHP Deprecated:  Creation of dynamic property CategoryData::$image is deprecated in /home/brightro/domains/catalogo.brightronix.net/public_html/katalog-master/katalog-master/admin/core/app/model/CategoryData.php on line 9
[20-Nov-2025 14:14:31 America/New_York] PHP Deprecated:  Creation of dynamic property CategoryData::$user_id is deprecated in /home/brightro/domains/catalogo.brightronix.net/public_html/katalog-master/katalog-master/admin/core/app/model/CategoryData.php on line 10
[20-Nov-2025 14:14:31 America/New_York] PHP Deprecated:  Creation of dynamic property CategoryData::$is_public is deprecated in /home/brightro/domains/catalogo.brightronix.net/public_html/katalog-master/katalog-master/admin/core/app/model/CategoryData.php on line 11
[20-Nov-2025 14:14:31 America/New_York] PHP Deprecated:  Creation of dynamic property CategoryData::$created_at is deprecated in /home/brightro/domains/catalogo.brightronix.net/public_html/katalog-master/katalog-master/admin/core/app/model/CategoryData.php on line 12
[20-Nov-2025 14:14:31 America/New_York] PHP Deprecated:  Creation of dynamic property CategoryData::$id is deprecated in /home/brightro/domains/catalogo.brightronix.net/public_html/katalog-master/katalog-master/admin/core/controller/Model.php on line 31
[20-Nov-2025 14:14:31 America/New_York] PHP Deprecated:  Creation of dynamic property CategoryData::$name is deprecated in /home/brightro/domains/catalogo.brightronix.net/public_html/katalog-master/katalog-master/admin/core/controller/Model.php on line 31
[20-Nov-2025 14:14:31 America/New_York] PHP Deprecated:  Creation of dynamic property CategoryData::$short_name is deprecated in /home/brightro/domains/catalogo.brightronix.net/public_html/katalog-master/katalog-master/admin/core/controller/Model.php on line 31
[20-Nov-2025 14:14:31 America/New_York] PHP Deprecated:  Creation of dynamic property CategoryData::$in_home is deprecated in /home/brightro/domains/catalogo.brightronix.net/public_html/katalog-master/katalog-master/admin/core/controller/Model.php on line 31
[20-Nov-2025 14:14:31 America/New_York] PHP Deprecated:  Creation of dynamic property CategoryData::$in_menu is deprecated in /home/brightro/domains/catalogo.brightronix.net/public_html/katalog-master/katalog-master/admin/core/controller/Model.php on line 31
[20-Nov-2025 14:14:31 America/New_York] PHP Deprecated:  Creation of dynamic property CategoryData::$is_active is deprecated in /home/brightro/domains/catalogo.brightronix.net/public_html/katalog-master/katalog-master/admin/core/controller/Model.php on line 31
[20-Nov-2025 14:14:31 America/New_York] PHP Deprecated:  Creation of dynamic property CategoryData::$title is deprecated in /home/brightro/domains/catalogo.brightronix.net/public_html/katalog-master/katalog-master/admin/core/app/model/CategoryData.php on line 7
[20-Nov-2025 14:14:31 America/New_York] PHP Deprecated:  Creation of dynamic property CategoryData::$content is deprecated in /home/brightro/domains/catalogo.brightronix.net/public_html/katalog-master/katalog-master/admin/core/app/model/CategoryData.php on line 8
[20-Nov-2025 14:14:31 America/New_York] PHP Deprecated:  Creation of dynamic property CategoryData::$image is deprecated in /home/brightro/domains/catalogo.brightronix.net/public_html/katalog-master/katalog-master/admin/core/app/model/CategoryData.php on line 9
[20-Nov-2025 14:14:31 America/New_York] PHP Deprecated:  Creation of dynamic property CategoryData::$user_id is deprecated in /home/brightro/domains/catalogo.brightronix.net/public_html/katalog-master/katalog-master/admin/core/app/model/CategoryData.php on line 10
[20-Nov-2025 14:14:31 America/New_York] PHP Deprecated:  Creation of dynamic property CategoryData::$is_public is deprecated in /home/brightro/domains/catalogo.brightronix.net/public_html/katalog-master/katalog-master/admin/core/app/model/CategoryData.php on line 11
[20-Nov-2025 14:14:31 America/New_York] PHP Deprecated:  Creation of dynamic property CategoryData::$created_at is deprecated in /home/brightro/domains/catalogo.brightronix.net/public_html/katalog-master/katalog-master/admin/core/app/model/CategoryData.php on line 12
[20-Nov-2025 14:14:31 America/New_York] PHP Deprecated:  Creation of dynamic property CategoryData::$id is deprecated in /home/brightro/domains/catalogo.brightronix.net/public_html/katalog-master/katalog-master/admin/core/controller/Model.php on line 31
[20-Nov-2025 14:14:31 America/New_York] PHP Deprecated:  Creation of dynamic property CategoryData::$name is deprecated in /home/brightro/domains/catalogo.brightronix.net/public_html/katalog-master/katalog-master/admin/core/controller/Model.php on line 31
[20-Nov-2025 14:14:31 America/New_York] PHP Deprecated:  Creation of dynamic property CategoryData::$short_name is deprecated in /home/brightro/domains/catalogo.brightronix.net/public_html/katalog-master/katalog-master/admin/core/controller/Model.php on line 31
[20-Nov-2025 14:14:31 America/New_York] PHP Deprecated:  Creation of dynamic property CategoryData::$in_home is deprecated in /home/brightro/domains/catalogo.brightronix.net/public_html/katalog-master/katalog-master/admin/core/controller/Model.php on line 31
[20-Nov-2025 14:14:31 America/New_York] PHP Deprecated:  Creation of dynamic property CategoryData::$in_menu is deprecated in /home/brightro/domains/catalogo.brightronix.net/public_html/katalog-master/katalog-master/admin/core/controller/Model.php on line 31
[20-Nov-2025 14:14:31 America/New_York] PHP Deprecated:  Creation of dynamic property CategoryData::$is_active is deprecated in /home/brightro/domains/catalogo.brightronix.net/public_html/katalog-master/katalog-master/admin/core/controller/Model.php on line 31
[20-Nov-2025 14:14:31 America/New_York] PHP Deprecated:  Creation of dynamic property CategoryData::$title is deprecated in /home/brightro/domains/catalogo.brightronix.net/public_html/katalog-master/katalog-master/admin/core/app/model/CategoryData.php on line 7
[20-Nov-2025 14:14:31 America/New_York] PHP Deprecated:  Creation of dynamic property CategoryData::$content is deprecated in /home/brightro/domains/catalogo.brightronix.net/public_html/katalog-master/katalog-master/admin/core/app/model/CategoryData.php on line 8
[20-Nov-2025 14:14:31 America/New_York] PHP Deprecated:  Creation of dynamic property CategoryData::$image is deprecated in /home/brightro/domains/catalogo.brightronix.net/public_html/katalog-master/katalog-master/admin/core/app/model/CategoryData.php on line 9
[20-Nov-2025 14:14:31 America/New_York] PHP Deprecated:  Creation of dynamic property CategoryData::$user_id is deprecated in /home/brightro/domains/catalogo.brightronix.net/public_html/katalog-master/katalog-master/admin/core/app/model/CategoryData.php on line 10
[20-Nov-2025 14:14:31 America/New_York] PHP Deprecated:  Creation of dynamic property CategoryData::$is_public is deprecated in /home/brightro/domains/catalogo.brightronix.net/public_html/katalog-master/katalog-master/admin/core/app/model/CategoryData.php on line 11
[20-Nov-2025 14:14:31 America/New_York] PHP Deprecated:  Creation of dynamic property CategoryData::$created_at is deprecated in /home/brightro/domains/catalogo.brightronix.net/public_html/katalog-master/katalog-master/admin/core/app/model/CategoryData.php on line 12
[20-Nov-2025 14:14:31 America/New_York] PHP Deprecated:  Creation of dynamic property CategoryData::$id is deprecated in /home/brightro/domains/catalogo.brightronix.net/public_html/katalog-master/katalog-master/admin/core/controller/Model.php on line 31
[20-Nov-2025 14:14:31 America/New_York] PHP Deprecated:  Creation of dynamic property CategoryData::$name is deprecated in /home/brightro/domains/catalogo.brightronix.net/public_html/katalog-master/katalog-master/admin/core/controller/Model.php on line 31
[20-Nov-2025 14:14:31 America/New_York] PHP Deprecated:  Creation of dynamic property CategoryData::$short_name is deprecated in /home/brightro/domains/catalogo.brightronix.net/public_html/katalog-master/katalog-master/admin/core/controller/Model.php on line 31
[20-Nov-2025 14:14:31 America/New_York] PHP Deprecated:  Creation of dynamic property CategoryData::$in_home is deprecated in /home/brightro/domains/catalogo.brightronix.net/public_html/katalog-master/katalog-master/admin/core/controller/Model.php on line 31
[20-Nov-2025 14:14:31 America/New_York] PHP Deprecated:  Creation of dynamic property CategoryData::$in_menu is deprecated in /home/brightro/domains/catalogo.brightronix.net/public_html/katalog-master/katalog-master/admin/core/controller/Model.php on line 31
[20-Nov-2025 14:14:31 America/New_York] PHP Deprecated:  Creation of dynamic property CategoryData::$is_active is deprecated in /home/brightro/domains/catalogo.brightronix.net/public_html/katalog-master/katalog-master/admin/core/controller/Model.php on line 31
[20-Nov-2025 14:14:31 America/New_York] PHP Deprecated:  Creation of dynamic property CategoryData::$title is deprecated in /home/brightro/domains/catalogo.brightronix.net/public_html/katalog-master/katalog-master/admin/core/app/model/CategoryData.php on line 7
[20-Nov-2025 14:14:31 America/New_York] PHP Deprecated:  Creation of dynamic property CategoryData::$content is deprecated in /home/brightro/domains/catalogo.brightronix.net/public_html/katalog-master/katalog-master/admin/core/app/model/CategoryData.php on line 8
[20-Nov-2025 14:14:31 America/New_York] PHP Deprecated:  Creation of dynamic property CategoryData::$image is deprecated in /home/brightro/domains/catalogo.brightronix.net/public_html/katalog-master/katalog-master/admin/core/app/model/CategoryData.php on line 9
[20-Nov-2025 14:14:31 America/New_York] PHP Deprecated:  Creation of dynamic property CategoryData::$user_id is deprecated in /home/brightro/domains/catalogo.brightronix.net/public_html/katalog-master/katalog-master/admin/core/app/model/CategoryData.php on line 10
[20-Nov-2025 14:14:31 America/New_York] PHP Deprecated:  Creation of dynamic property CategoryData::$is_public is deprecated in /home/brightro/domains/catalogo.brightronix.net/public_html/katalog-master/katalog-master/admin/core/app/model/CategoryData.php on line 11
[20-Nov-2025 14:14:31 America/New_York] PHP Deprecated:  Creation of dynamic property CategoryData::$created_at is deprecated in /home/brightro/domains/catalogo.brightronix.net/public_html/katalog-master/katalog-master/admin/core/app/model/CategoryData.php on line 12
[20-Nov-2025 14:14:31 America/New_York] PHP Deprecated:  Creation of dynamic property CategoryData::$id is deprecated in /home/brightro/domains/catalogo.brightronix.net/public_html/katalog-master/katalog-master/admin/core/controller/Model.php on line 31
[20-Nov-2025 14:14:31 America/New_York] PHP Deprecated:  Creation of dynamic property CategoryData::$name is deprecated in /home/brightro/domains/catalogo.brightronix.net/public_html/katalog-master/katalog-master/admin/core/controller/Model.php on line 31
[20-Nov-2025 14:14:31 America/New_York] PHP Deprecated:  Creation of dynamic property CategoryData::$short_name is deprecated in /home/brightro/domains/catalogo.brightronix.net/public_html/katalog-master/katalog-master/admin/core/controller/Model.php on line 31
[20-Nov-2025 14:14:31 America/New_York] PHP Deprecated:  Creation of dynamic property CategoryData::$in_home is deprecated in /home/brightro/domains/catalogo.brightronix.net/public_html/katalog-master/katalog-master/admin/core/controller/Model.php on line 31
[20-Nov-2025 14:14:31 America/New_York] PHP Deprecated:  Creation of dynamic property CategoryData::$in_menu is deprecated in /home/brightro/domains/catalogo.brightronix.net/public_html/katalog-master/katalog-master/admin/core/controller/Model.php on line 31
[20-Nov-2025 14:14:31 America/New_York] PHP Deprecated:  Creation of dynamic property CategoryData::$is_active is deprecated in /home/brightro/domains/catalogo.brightronix.net/public_html/katalog-master/katalog-master/admin/core/controller/Model.php on line 31
[20-Nov-2025 14:14:31 America/New_York] PHP Deprecated:  Creation of dynamic property CategoryData::$title is deprecated in /home/brightro/domains/catalogo.brightronix.net/public_html/katalog-master/katalog-master/admin/core/app/model/CategoryData.php on line 7
[20-Nov-2025 14:14:31 America/New_York] PHP Deprecated:  Creation of dynamic property CategoryData::$content is deprecated in /home/brightro/domains/catalogo.brightronix.net/public_html/katalog-master/katalog-master/admin/core/app/model/CategoryData.php on line 8
[20-Nov-2025 14:14:31 America/New_York] PHP Deprecated:  Creation of dynamic property CategoryData::$image is deprecated in /home/brightro/domains/catalogo.brightronix.net/public_html/katalog-master/katalog-master/admin/core/app/model/CategoryData.php on line 9
[20-Nov-2025 14:14:31 America/New_York] PHP Deprecated:  Creation of dynamic property CategoryData::$user_id is deprecated in /home/brightro/domains/catalogo.brightronix.net/public_html/katalog-master/katalog-master/admin/core/app/model/CategoryData.php on line 10
[20-Nov-2025 14:14:31 America/New_York] PHP Deprecated:  Creation of dynamic property CategoryData::$is_public is deprecated in /home/brightro/domains/catalogo.brightronix.net/public_html/katalog-master/katalog-master/admin/core/app/model/CategoryData.php on line 11
[20-Nov-2025 14:14:31 America/New_York] PHP Deprecated:  Creation of dynamic property CategoryData::$created_at is deprecated in /home/brightro/domains/catalogo.brightronix.net/public_html/katalog-master/katalog-master/admin/core/app/model/CategoryData.php on line 12
[20-Nov-2025 14:14:31 America/New_York] PHP Deprecated:  Creation of dynamic property CategoryData::$id is deprecated in /home/brightro/domains/catalogo.brightronix.net/public_html/katalog-master/katalog-master/admin/core/controller/Model.php on line 31
[20-Nov-2025 14:14:31 America/New_York] PHP Deprecated:  Creation of dynamic property CategoryData::$name is deprecated in /home/brightro/domains/catalogo.brightronix.net/public_html/katalog-master/katalog-master/admin/core/controller/Model.php on line 31
[20-Nov-2025 14:14:31 America/New_York] PHP Deprecated:  Creation of dynamic property CategoryData::$short_name is deprecated in /home/brightro/domains/catalogo.brightronix.net/public_html/katalog-master/katalog-master/admin/core/controller/Model.php on line 31
[20-Nov-2025 14:14:31 America/New_York] PHP Deprecated:  Creation of dynamic property CategoryData::$in_home is deprecated in /home/brightro/domains/catalogo.brightronix.net/public_html/katalog-master/katalog-master/admin/core/controller/Model.php on line 31
[20-Nov-2025 14:14:31 America/New_York] PHP Deprecated:  Creation of dynamic property CategoryData::$in_menu is deprecated in /home/brightro/domains/catalogo.brightronix.net/public_html/katalog-master/katalog-master/admin/core/controller/Model.php on line 31
[20-Nov-2025 14:14:31 America/New_York] PHP Deprecated:  Creation of dynamic property CategoryData::$is_active is deprecated in /home/brightro/domains/catalogo.brightronix.net/public_html/katalog-master/katalog-master/admin/core/controller/Model.php on line 31
[20-Nov-2025 14:14:31 America/New_York] PHP Deprecated:  Creation of dynamic property CategoryData::$title is deprecated in /home/brightro/domains/catalogo.brightronix.net/public_html/katalog-master/katalog-master/admin/core/app/model/CategoryData.php on line 7
[20-Nov-2025 14:14:31 America/New_York] PHP Deprecated:  Creation of dynamic property CategoryData::$content is deprecated in /home/brightro/domains/catalogo.brightronix.net/public_html/katalog-master/katalog-master/admin/core/app/model/CategoryData.php on line 8
[20-Nov-2025 14:14:31 America/New_York] PHP Deprecated:  Creation of dynamic property CategoryData::$image is deprecated in /home/brightro/domains/catalogo.brightronix.net/public_html/katalog-master/katalog-master/admin/core/app/model/CategoryData.php on line 9
[20-Nov-2025 14:14:31 America/New_York] PHP Deprecated:  Creation of dynamic property CategoryData::$user_id is deprecated in /home/brightro/domains/catalogo.brightronix.net/public_html/katalog-master/katalog-master/admin/core/app/model/CategoryData.php on line 10
[20-Nov-2025 14:14:31 America/New_York] PHP Deprecated:  Creation of dynamic property CategoryData::$is_public is deprecated in /home/brightro/domains/catalogo.brightronix.net/public_html/katalog-master/katalog-master/admin/core/app/model/CategoryData.php on line 11
[20-Nov-2025 14:14:31 America/New_York] PHP Deprecated:  Creation of dynamic property CategoryData::$created_at is deprecated in /home/brightro/domains/catalogo.brightronix.net/public_html/katalog-master/katalog-master/admin/core/app/model/CategoryData.php on line 12
[20-Nov-2025 14:14:31 America/New_York] PHP Deprecated:  Creation of dynamic property CategoryData::$id is deprecated in /home/brightro/domains/catalogo.brightronix.net/public_html/katalog-master/katalog-master/admin/core/controller/Model.php on line 31
[20-Nov-2025 14:14:31 America/New_York] PHP Deprecated:  Creation of dynamic property CategoryData::$name is deprecated in /home/brightro/domains/catalogo.brightronix.net/public_html/katalog-master/katalog-master/admin/core/controller/Model.php on line 31
[20-Nov-2025 14:14:31 America/New_York] PHP Deprecated:  Creation of dynamic property CategoryData::$short_name is deprecated in /home/brightro/domains/catalogo.brightronix.net/public_html/katalog-master/katalog-master/admin/core/controller/Model.php on line 31
[20-Nov-2025 14:14:31 America/New_York] PHP Deprecated:  Creation of dynamic property CategoryData::$in_home is deprecated in /home/brightro/domains/catalogo.brightronix.net/public_html/katalog-master/katalog-master/admin/core/controller/Model.php on line 31
[20-Nov-2025 14:14:31 America/New_York] PHP Deprecated:  Creation of dynamic property CategoryData::$in_menu is deprecated in /home/brightro/domains/catalogo.brightronix.net/public_html/katalog-master/katalog-master/admin/core/controller/Model.php on line 31
[20-Nov-2025 14:14:31 America/New_York] PHP Deprecated:  Creation of dynamic property CategoryData::$is_active is deprecated in /home/brightro/domains/catalogo.brightronix.net/public_html/katalog-master/katalog-master/admin/core/controller/Model.php on line 31
[20-Nov-2025 14:14:31 America/New_York] PHP Deprecated:  Creation of dynamic property CategoryData::$title is deprecated in /home/brightro/domains/catalogo.brightronix.net/public_html/katalog-master/katalog-master/admin/core/app/model/CategoryData.php on line 7
[20-Nov-2025 14:14:31 America/New_York] PHP Deprecated:  Creation of dynamic property CategoryData::$content is deprecated in /home/brightro/domains/catalogo.brightronix.net/public_html/katalog-master/katalog-master/admin/core/app/model/CategoryData.php on line 8
[20-Nov-2025 14:14:31 America/New_York] PHP Deprecated:  Creation of dynamic property CategoryData::$image is deprecated in /home/brightro/domains/catalogo.brightronix.net/public_html/katalog-master/katalog-master/admin/core/app/model/CategoryData.php on line 9
[20-Nov-2025 14:14:31 America/New_York] PHP Deprecated:  Creation of dynamic property CategoryData::$user_id is deprecated in /home/brightro/domains/catalogo.brightronix.net/public_html/katalog-master/katalog-master/admin/core/app/model/CategoryData.php on line 10
[20-Nov-2025 14:14:31 America/New_York] PHP Deprecated:  Creation of dynamic property CategoryData::$is_public is deprecated in /home/brightro/domains/catalogo.brightronix.net/public_html/katalog-master/katalog-master/admin/core/app/model/CategoryData.php on line 11
[20-Nov-2025 14:14:31 America/New_York] PHP Deprecated:  Creation of dynamic property CategoryData::$created_at is deprecated in /home/brightro/domains/catalogo.brightronix.net/public_html/katalog-master/katalog-master/admin/core/app/model/CategoryData.php on line 12
[20-Nov-2025 14:14:31 America/New_York] PHP Deprecated:  Creation of dynamic property CategoryData::$id is deprecated in /home/brightro/domains/catalogo.brightronix.net/public_html/katalog-master/katalog-master/admin/core/controller/Model.php on line 31
[20-Nov-2025 14:14:31 America/New_York] PHP Deprecated:  Creation of dynamic property CategoryData::$name is deprecated in /home/brightro/domains/catalogo.brightronix.net/public_html/katalog-master/katalog-master/admin/core/controller/Model.php on line 31
[20-Nov-2025 14:14:31 America/New_York] PHP Deprecated:  Creation of dynamic property CategoryData::$short_name is deprecated in /home/brightro/domains/catalogo.brightronix.net/public_html/katalog-master/katalog-master/admin/core/controller/Model.php on line 31
[20-Nov-2025 14:14:31 America/New_York] PHP Deprecated:  Creation of dynamic property CategoryData::$in_home is deprecated in /home/brightro/domains/catalogo.brightronix.net/public_html/katalog-master/katalog-master/admin/core/controller/Model.php on line 31
[20-Nov-2025 14:14:31 America/New_York] PHP Deprecated:  Creation of dynamic property CategoryData::$in_menu is deprecated in /home/brightro/domains/catalogo.brightronix.net/public_html/katalog-master/katalog-master/admin/core/controller/Model.php on line 31
[20-Nov-2025 14:14:31 America/New_York] PHP Deprecated:  Creation of dynamic property CategoryData::$is_active is deprecated in /home/brightro/domains/catalogo.brightronix.net/public_html/katalog-master/katalog-master/admin/core/controller/Model.php on line 31
[20-Nov-2025 14:14:31 America/New_York] PHP Deprecated:  Creation of dynamic property CategoryData::$title is deprecated in /home/brightro/domains/catalogo.brightronix.net/public_html/katalog-master/katalog-master/admin/core/app/model/CategoryData.php on line 7
[20-Nov-2025 14:14:31 America/New_York] PHP Deprecated:  Creation of dynamic property CategoryData::$content is deprecated in /home/brightro/domains/catalogo.brightronix.net/public_html/katalog-master/katalog-master/admin/core/app/model/CategoryData.php on line 8
[20-Nov-2025 14:14:31 America/New_York] PHP Deprecated:  Creation of dynamic property CategoryData::$image is deprecated in /home/brightro/domains/catalogo.brightronix.net/public_html/katalog-master/katalog-master/admin/core/app/model/CategoryData.php on line 9
[20-Nov-2025 14:14:31 America/New_York] PHP Deprecated:  Creation of dynamic property CategoryData::$user_id is deprecated in /home/brightro/domains/catalogo.brightronix.net/public_html/katalog-master/katalog-master/admin/core/app/model/CategoryData.php on line 10
[20-Nov-2025 14:14:31 America/New_York] PHP Deprecated:  Creation of dynamic property CategoryData::$is_public is deprecated in /home/brightro/domains/catalogo.brightronix.net/public_html/katalog-master/katalog-master/admin/core/app/model/CategoryData.php on line 11
[20-Nov-2025 14:14:31 America/New_York] PHP Deprecated:  Creation of dynamic property CategoryData::$created_at is deprecated in /home/brightro/domains/catalogo.brightronix.net/public_html/katalog-master/katalog-master/admin/core/app/model/CategoryData.php on line 12
[20-Nov-2025 14:14:31 America/New_York] PHP Deprecated:  Creation of dynamic property CategoryData::$id is deprecated in /home/brightro/domains/catalogo.brightronix.net/public_html/katalog-master/katalog-master/admin/core/controller/Model.php on line 31
[20-Nov-2025 14:14:31 America/New_York] PHP Deprecated:  Creation of dynamic property CategoryData::$name is deprecated in /home/brightro/domains/catalogo.brightronix.net/public_html/katalog-master/katalog-master/admin/core/controller/Model.php on line 31
[20-Nov-2025 14:14:31 America/New_York] PHP Deprecated:  Creation of dynamic property CategoryData::$short_name is deprecated in /home/brightro/domains/catalogo.brightronix.net/public_html/katalog-master/katalog-master/admin/core/controller/Model.php on line 31
[20-Nov-2025 14:14:31 America/New_York] PHP Deprecated:  Creation of dynamic property CategoryData::$in_home is deprecated in /home/brightro/domains/catalogo.brightronix.net/public_html/katalog-master/katalog-master/admin/core/controller/Model.php on line 31
[20-Nov-2025 14:14:31 America/New_York] PHP Deprecated:  Creation of dynamic property CategoryData::$in_menu is deprecated in /home/brightro/domains/catalogo.brightronix.net/public_html/katalog-master/katalog-master/admin/core/controller/Model.php on line 31
[20-Nov-2025 14:14:31 America/New_York] PHP Deprecated:  Creation of dynamic property CategoryData::$is_active is deprecated in /home/brightro/domains/catalogo.brightronix.net/public_html/katalog-master/katalog-master/admin/core/controller/Model.php on line 31
[20-Nov-2025 14:14:31 America/New_York] PHP Deprecated:  Creation of dynamic property CategoryData::$title is deprecated in /home/brightro/domains/catalogo.brightronix.net/public_html/katalog-master/katalog-master/admin/core/app/model/CategoryData.php on line 7
[20-Nov-2025 14:14:31 America/New_York] PHP Deprecated:  Creation of dynamic property CategoryData::$content is deprecated in /home/brightro/domains/catalogo.brightronix.net/public_html/katalog-master/katalog-master/admin/core/app/model/CategoryData.php on line 8
[20-Nov-2025 14:14:31 America/New_York] PHP Deprecated:  Creation of dynamic property CategoryData::$image is deprecated in /home/brightro/domains/catalogo.brightronix.net/public_html/katalog-master/katalog-master/admin/core/app/model/CategoryData.php on line 9
[20-Nov-2025 14:14:31 America/New_York] PHP Deprecated:  Creation of dynamic property CategoryData::$user_id is deprecated in /home/brightro/domains/catalogo.brightronix.net/public_html/katalog-master/katalog-master/admin/core/app/model/CategoryData.php on line 10
[20-Nov-2025 14:14:31 America/New_York] PHP Deprecated:  Creation of dynamic property CategoryData::$is_public is deprecated in /home/brightro/domains/catalogo.brightronix.net/public_html/katalog-master/katalog-master/admin/core/app/model/CategoryData.php on line 11
[20-Nov-2025 14:14:31 America/New_York] PHP Deprecated:  Creation of dynamic property CategoryData::$created_at is deprecated in /home/brightro/domains/catalogo.brightronix.net/public_html/katalog-master/katalog-master/admin/core/app/model/CategoryData.php on line 12
[20-Nov-2025 14:14:31 America/New_York] PHP Deprecated:  Creation of dynamic property CategoryData::$id is deprecated in /home/brightro/domains/catalogo.brightronix.net/public_html/katalog-master/katalog-master/admin/core/controller/Model.php on line 31
[20-Nov-2025 14:14:31 America/New_York] PHP Deprecated:  Creation of dynamic property CategoryData::$name is deprecated in /home/brightro/domains/catalogo.brightronix.net/public_html/katalog-master/katalog-master/admin/core/controller/Model.php on line 31
[20-Nov-2025 14:14:31 America/New_York] PHP Deprecated:  Creation of dynamic property CategoryData::$short_name is deprecated in /home/brightro/domains/catalogo.brightronix.net/public_html/katalog-master/katalog-master/admin/core/controller/Model.php on line 31
[20-Nov-2025 14:14:31 America/New_York] PHP Deprecated:  Creation of dynamic property CategoryData::$in_home is deprecated in /home/brightro/domains/catalogo.brightronix.net/public_html/katalog-master/katalog-master/admin/core/controller/Model.php on line 31
[20-Nov-2025 14:14:31 America/New_York] PHP Deprecated:  Creation of dynamic property CategoryData::$in_menu is deprecated in /home/brightro/domains/catalogo.brightronix.net/public_html/katalog-master/katalog-master/admin/core/controller/Model.php on line 31
[20-Nov-2025 14:14:31 America/New_York] PHP Deprecated:  Creation of dynamic property CategoryData::$is_active is deprecated in /home/brightro/domains/catalogo.brightronix.net/public_html/katalog-master/katalog-master/admin/core/controller/Model.php on line 31
[20-Nov-2025 14:14:31 America/New_York] PHP Deprecated:  Creation of dynamic property CategoryData::$title is deprecated in /home/brightro/domains/catalogo.brightronix.net/public_html/katalog-master/katalog-master/admin/core/app/model/CategoryData.php on line 7
[20-Nov-2025 14:14:31 America/New_York] PHP Deprecated:  Creation of dynamic property CategoryData::$content is deprecated in /home/brightro/domains/catalogo.brightronix.net/public_html/katalog-master/katalog-master/admin/core/app/model/CategoryData.php on line 8
[20-Nov-2025 14:14:31 America/New_York] PHP Deprecated:  Creation of dynamic property CategoryData::$image is deprecated in /home/brightro/domains/catalogo.brightronix.net/public_html/katalog-master/katalog-master/admin/core/app/model/CategoryData.php on line 9
[20-Nov-2025 14:14:31 America/New_York] PHP Deprecated:  Creation of dynamic property CategoryData::$user_id is deprecated in /home/brightro/domains/catalogo.brightronix.net/public_html/katalog-master/katalog-master/admin/core/app/model/CategoryData.php on line 10
[20-Nov-2025 14:14:31 America/New_York] PHP Deprecated:  Creation of dynamic property CategoryData::$is_public is deprecated in /home/brightro/domains/catalogo.brightronix.net/public_html/katalog-master/katalog-master/admin/core/app/model/CategoryData.php on line 11
[20-Nov-2025 14:14:31 America/New_York] PHP Deprecated:  Creation of dynamic property CategoryData::$created_at is deprecated in /home/brightro/domains/catalogo.brightronix.net/public_html/katalog-master/katalog-master/admin/core/app/model/CategoryData.php on line 12
[20-Nov-2025 14:14:31 America/New_York] PHP Deprecated:  Creation of dynamic property CategoryData::$id is deprecated in /home/brightro/domains/catalogo.brightronix.net/public_html/katalog-master/katalog-master/admin/core/controller/Model.php on line 31
[20-Nov-2025 14:14:31 America/New_York] PHP Deprecated:  Creation of dynamic property CategoryData::$name is deprecated in /home/brightro/domains/catalogo.brightronix.net/public_html/katalog-master/katalog-master/admin/core/controller/Model.php on line 31
[20-Nov-2025 14:14:31 America/New_York] PHP Deprecated:  Creation of dynamic property CategoryData::$short_name is deprecated in /home/brightro/domains/catalogo.brightronix.net/public_html/katalog-master/katalog-master/admin/core/controller/Model.php on line 31
[20-Nov-2025 14:14:31 America/New_York] PHP Deprecated:  Creation of dynamic property CategoryData::$in_home is deprecated in /home/brightro/domains/catalogo.brightronix.net/public_html/katalog-master/katalog-master/admin/core/controller/Model.php on line 31
[20-Nov-2025 14:14:31 America/New_York] PHP Deprecated:  Creation of dynamic property CategoryData::$in_menu is deprecated in /home/brightro/domains/catalogo.brightronix.net/public_html/katalog-master/katalog-master/admin/core/controller/Model.php on line 31
[20-Nov-2025 14:14:31 America/New_York] PHP Deprecated:  Creation of dynamic property CategoryData::$is_active is deprecated in /home/brightro/domains/catalogo.brightronix.net/public_html/katalog-master/katalog-master/admin/core/controller/Model.php on line 31
[20-Nov-2025 14:14:33 America/New_York] PHP Deprecated:  Creation of dynamic property UserData::$name is deprecated in /home/brightro/domains/catalogo.brightronix.net/public_html/katalog-master/katalog-master/admin/core/app/model/UserData.php on line 6
[20-Nov-2025 14:14:33 America/New_York] PHP Deprecated:  Creation of dynamic property UserData::$lastname is deprecated in /home/brightro/domains/catalogo.brightronix.net/public_html/katalog-master/katalog-master/admin/core/app/model/UserData.php on line 7
[20-Nov-2025 14:14:33 America/New_York] PHP Deprecated:  Creation of dynamic property UserData::$email is deprecated in /home/brightro/domains/catalogo.brightronix.net/public_html/katalog-master/katalog-master/admin/core/app/model/UserData.php on line 8
[20-Nov-2025 14:14:33 America/New_York] PHP Deprecated:  Creation of dynamic property UserData::$username is deprecated in /home/brightro/domains/catalogo.brightronix.net/public_html/katalog-master/katalog-master/admin/core/app/model/UserData.php on line 9
[20-Nov-2025 14:14:33 America/New_York] PHP Deprecated:  Creation of dynamic property UserData::$password is deprecated in /home/brightro/domains/catalogo.brightronix.net/public_html/katalog-master/katalog-master/admin/core/app/model/UserData.php on line 10
[20-Nov-2025 14:14:33 America/New_York] PHP Deprecated:  Creation of dynamic property UserData::$created_at is deprecated in /home/brightro/domains/catalogo.brightronix.net/public_html/katalog-master/katalog-master/admin/core/app/model/UserData.php on line 11
[20-Nov-2025 14:14:33 America/New_York] PHP Deprecated:  Creation of dynamic property UserData::$id is deprecated in /home/brightro/domains/catalogo.brightronix.net/public_html/katalog-master/katalog-master/admin/core/app/model/UserData.php on line 97
[20-Nov-2025 14:14:33 America/New_York] PHP Deprecated:  Creation of dynamic property UserData::$is_active is deprecated in /home/brightro/domains/catalogo.brightronix.net/public_html/katalog-master/katalog-master/admin/core/app/model/UserData.php on line 97
[20-Nov-2025 14:16:44 America/New_York] PHP Deprecated:  Creation of dynamic property UserData::$name is deprecated in /home/brightro/domains/catalogo.brightronix.net/public_html/katalog-master/katalog-master/admin/core/app/model/UserData.php on line 6
[20-Nov-2025 14:16:44 America/New_York] PHP Deprecated:  Creation of dynamic property UserData::$lastname is deprecated in /home/brightro/domains/catalogo.brightronix.net/public_html/katalog-master/katalog-master/admin/core/app/model/UserData.php on line 7
[20-Nov-2025 14:16:44 America/New_York] PHP Deprecated:  Creation of dynamic property UserData::$email is deprecated in /home/brightro/domains/catalogo.brightronix.net/public_html/katalog-master/katalog-master/admin/core/app/model/UserData.php on line 8
[20-Nov-2025 14:16:44 America/New_York] PHP Deprecated:  Creation of dynamic property UserData::$username is deprecated in /home/brightro/domains/catalogo.brightronix.net/public_html/katalog-master/katalog-master/admin/core/app/model/UserData.php on line 9
[20-Nov-2025 14:16:44 America/New_York] PHP Deprecated:  Creation of dynamic property UserData::$password is deprecated in /home/brightro/domains/catalogo.brightronix.net/public_html/katalog-master/katalog-master/admin/core/app/model/UserData.php on line 10
[20-Nov-2025 14:16:44 America/New_York] PHP Deprecated:  Creation of dynamic property UserData::$created_at is deprecated in /home/brightro/domains/catalogo.brightronix.net/public_html/katalog-master/katalog-master/admin/core/app/model/UserData.php on line 11
[20-Nov-2025 14:16:44 America/New_York] PHP Deprecated:  Creation of dynamic property UserData::$id is deprecated in /home/brightro/domains/catalogo.brightronix.net/public_html/katalog-master/katalog-master/admin/core/app/model/UserData.php on line 97
[20-Nov-2025 14:16:44 America/New_York] PHP Deprecated:  Creation of dynamic property UserData::$is_active is deprecated in /home/brightro/domains/catalogo.brightronix.net/public_html/katalog-master/katalog-master/admin/core/app/model/UserData.php on line 97
[20-Nov-2025 14:16:44 America/New_York] PHP Deprecated:  Creation of dynamic property CategoryData::$title is deprecated in /home/brightro/domains/catalogo.brightronix.net/public_html/katalog-master/katalog-master/admin/core/app/model/CategoryData.php on line 7
[20-Nov-2025 14:16:44 America/New_York] PHP Deprecated:  Creation of dynamic property CategoryData::$content is deprecated in /home/brightro/domains/catalogo.brightronix.net/public_html/katalog-master/katalog-master/admin/core/app/model/CategoryData.php on line 8
[20-Nov-2025 14:16:44 America/New_York] PHP Deprecated:  Creation of dynamic property CategoryData::$image is deprecated in /home/brightro/domains/catalogo.brightronix.net/public_html/katalog-master/katalog-master/admin/core/app/model/CategoryData.php on line 9
[20-Nov-2025 14:16:44 America/New_York] PHP Deprecated:  Creation of dynamic property CategoryData::$user_id is deprecated in /home/brightro/domains/catalogo.brightronix.net/public_html/katalog-master/katalog-master/admin/core/app/model/CategoryData.php on line 10
[20-Nov-2025 14:16:44 America/New_York] PHP Deprecated:  Creation of dynamic property CategoryData::$is_public is deprecated in /home/brightro/domains/catalogo.brightronix.net/public_html/katalog-master/katalog-master/admin/core/app/model/CategoryData.php on line 11
[20-Nov-2025 14:16:44 America/New_York] PHP Deprecated:  Creation of dynamic property CategoryData::$created_at is deprecated in /home/brightro/domains/catalogo.brightronix.net/public_html/katalog-master/katalog-master/admin/core/app/model/CategoryData.php on line 12
[20-Nov-2025 14:16:44 America/New_York] PHP Deprecated:  Creation of dynamic property CategoryData::$title is deprecated in /home/brightro/domains/catalogo.brightronix.net/public_html/katalog-master/katalog-master/admin/core/app/model/CategoryData.php on line 7
[20-Nov-2025 14:16:44 America/New_York] PHP Deprecated:  Creation of dynamic property CategoryData::$content is deprecated in /home/brightro/domains/catalogo.brightronix.net/public_html/katalog-master/katalog-master/admin/core/app/model/CategoryData.php on line 8
[20-Nov-2025 14:16:44 America/New_York] PHP Deprecated:  Creation of dynamic property CategoryData::$image is deprecated in /home/brightro/domains/catalogo.brightronix.net/public_html/katalog-master/katalog-master/admin/core/app/model/CategoryData.php on line 9
[20-Nov-2025 14:16:44 America/New_York] PHP Deprecated:  Creation of dynamic property CategoryData::$user_id is deprecated in /home/brightro/domains/catalogo.brightronix.net/public_html/katalog-master/katalog-master/admin/core/app/model/CategoryData.php on line 10
[20-Nov-2025 14:16:44 America/New_York] PHP Deprecated:  Creation of dynamic property CategoryData::$is_public is deprecated in /home/brightro/domains/catalogo.brightronix.net/public_html/katalog-master/katalog-master/admin/core/app/model/CategoryData.php on line 11
[20-Nov-2025 14:16:44 America/New_York] PHP Deprecated:  Creation of dynamic property CategoryData::$created_at is deprecated in /home/brightro/domains/catalogo.brightronix.net/public_html/katalog-master/katalog-master/admin/core/app/model/CategoryData.php on line 12
[20-Nov-2025 14:16:44 America/New_York] PHP Deprecated:  Creation of dynamic property CategoryData::$id is deprecated in /home/brightro/domains/catalogo.brightronix.net/public_html/katalog-master/katalog-master/admin/core/controller/Model.php on line 31
[20-Nov-2025 14:16:44 America/New_York] PHP Deprecated:  Creation of dynamic property CategoryData::$name is deprecated in /home/brightro/domains/catalogo.brightronix.net/public_html/katalog-master/katalog-master/admin/core/controller/Model.php on line 31
[20-Nov-2025 14:16:44 America/New_York] PHP Deprecated:  Creation of dynamic property CategoryData::$short_name is deprecated in /home/brightro/domains/catalogo.brightronix.net/public_html/katalog-master/katalog-master/admin/core/controller/Model.php on line 31
[20-Nov-2025 14:16:44 America/New_York] PHP Deprecated:  Creation of dynamic property CategoryData::$in_home is deprecated in /home/brightro/domains/catalogo.brightronix.net/public_html/katalog-master/katalog-master/admin/core/controller/Model.php on line 31
[20-Nov-2025 14:16:44 America/New_York] PHP Deprecated:  Creation of dynamic property CategoryData::$in_menu is deprecated in /home/brightro/domains/catalogo.brightronix.net/public_html/katalog-master/katalog-master/admin/core/controller/Model.php on line 31
[20-Nov-2025 14:16:44 America/New_York] PHP Deprecated:  Creation of dynamic property CategoryData::$is_active is deprecated in /home/brightro/domains/catalogo.brightronix.net/public_html/katalog-master/katalog-master/admin/core/controller/Model.php on line 31
[20-Nov-2025 14:16:44 America/New_York] PHP Deprecated:  Creation of dynamic property CategoryData::$title is deprecated in /home/brightro/domains/catalogo.brightronix.net/public_html/katalog-master/katalog-master/admin/core/app/model/CategoryData.php on line 7
[20-Nov-2025 14:16:44 America/New_York] PHP Deprecated:  Creation of dynamic property CategoryData::$content is deprecated in /home/brightro/domains/catalogo.brightronix.net/public_html/katalog-master/katalog-master/admin/core/app/model/CategoryData.php on line 8
[20-Nov-2025 14:16:44 America/New_York] PHP Deprecated:  Creation of dynamic property CategoryData::$image is deprecated in /home/brightro/domains/catalogo.brightronix.net/public_html/katalog-master/katalog-master/admin/core/app/model/CategoryData.php on line 9
[20-Nov-2025 14:16:44 America/New_York] PHP Deprecated:  Creation of dynamic property CategoryData::$user_id is deprecated in /home/brightro/domains/catalogo.brightronix.net/public_html/katalog-master/katalog-master/admin/core/app/model/CategoryData.php on line 10
[20-Nov-2025 14:16:44 America/New_York] PHP Deprecated:  Creation of dynamic property CategoryData::$is_public is deprecated in /home/brightro/domains/catalogo.brightronix.net/public_html/katalog-master/katalog-master/admin/core/app/model/CategoryData.php on line 11
[20-Nov-2025 14:16:44 America/New_York] PHP Deprecated:  Creation of dynamic property CategoryData::$created_at is deprecated in /home/brightro/domains/catalogo.brightronix.net/public_html/katalog-master/katalog-master/admin/core/app/model/CategoryData.php on line 12
[20-Nov-2025 14:16:44 America/New_York] PHP Deprecated:  Creation of dynamic property CategoryData::$id is deprecated in /home/brightro/domains/catalogo.brightronix.net/public_html/katalog-master/katalog-master/admin/core/controller/Model.php on line 31
[20-Nov-2025 14:16:44 America/New_York] PHP Deprecated:  Creation of dynamic property CategoryData::$name is deprecated in /home/brightro/domains/catalogo.brightronix.net/public_html/katalog-master/katalog-master/admin/core/controller/Model.php on line 31
[20-Nov-2025 14:16:44 America/New_York] PHP Deprecated:  Creation of dynamic property CategoryData::$short_name is deprecated in /home/brightro/domains/catalogo.brightronix.net/public_html/katalog-master/katalog-master/admin/core/controller/Model.php on line 31
[20-Nov-2025 14:16:44 America/New_York] PHP Deprecated:  Creation of dynamic property CategoryData::$in_home is deprecated in /home/brightro/domains/catalogo.brightronix.net/public_html/katalog-master/katalog-master/admin/core/controller/Model.php on line 31
[20-Nov-2025 14:16:44 America/New_York] PHP Deprecated:  Creation of dynamic property CategoryData::$in_menu is deprecated in /home/brightro/domains/catalogo.brightronix.net/public_html/katalog-master/katalog-master/admin/core/controller/Model.php on line 31
[20-Nov-2025 14:16:44 America/New_York] PHP Deprecated:  Creation of dynamic property CategoryData::$is_active is deprecated in /home/brightro/domains/catalogo.brightronix.net/public_html/katalog-master/katalog-master/admin/core/controller/Model.php on line 31
[20-Nov-2025 14:16:44 America/New_York] PHP Deprecated:  Creation of dynamic property CategoryData::$title is deprecated in /home/brightro/domains/catalogo.brightronix.net/public_html/katalog-master/katalog-master/admin/core/app/model/CategoryData.php on line 7
[20-Nov-2025 14:16:44 America/New_York] PHP Deprecated:  Creation of dynamic property CategoryData::$content is deprecated in /home/brightro/domains/catalogo.brightronix.net/public_html/katalog-master/katalog-master/admin/core/app/model/CategoryData.php on line 8
[20-Nov-2025 14:16:44 America/New_York] PHP Deprecated:  Creation of dynamic property CategoryData::$image is deprecated in /home/brightro/domains/catalogo.brightronix.net/public_html/katalog-master/katalog-master/admin/core/app/model/CategoryData.php on line 9
[20-Nov-2025 14:16:44 America/New_York] PHP Deprecated:  Creation of dynamic property CategoryData::$user_id is deprecated in /home/brightro/domains/catalogo.brightronix.net/public_html/katalog-master/katalog-master/admin/core/app/model/CategoryData.php on line 10
[20-Nov-2025 14:16:44 America/New_York] PHP Deprecated:  Creation of dynamic property CategoryData::$is_public is deprecated in /home/brightro/domains/catalogo.brightronix.net/public_html/katalog-master/katalog-master/admin/core/app/model/CategoryData.php on line 11
[20-Nov-2025 14:16:44 America/New_York] PHP Deprecated:  Creation of dynamic property CategoryData::$created_at is deprecated in /home/brightro/domains/catalogo.brightronix.net/public_html/katalog-master/katalog-master/admin/core/app/model/CategoryData.php on line 12
[20-Nov-2025 14:16:44 America/New_York] PHP Deprecated:  Creation of dynamic property CategoryData::$id is deprecated in /home/brightro/domains/catalogo.brightronix.net/public_html/katalog-master/katalog-master/admin/core/controller/Model.php on line 31
[20-Nov-2025 14:16:44 America/New_York] PHP Deprecated:  Creation of dynamic property CategoryData::$name is deprecated in /home/brightro/domains/catalogo.brightronix.net/public_html/katalog-master/katalog-master/admin/core/controller/Model.php on line 31
[20-Nov-2025 14:16:44 America/New_York] PHP Deprecated:  Creation of dynamic property CategoryData::$short_name is deprecated in /home/brightro/domains/catalogo.brightronix.net/public_html/katalog-master/katalog-master/admin/core/controller/Model.php on line 31
[20-Nov-2025 14:16:44 America/New_York] PHP Deprecated:  Creation of dynamic property CategoryData::$in_home is deprecated in /home/brightro/domains/catalogo.brightronix.net/public_html/katalog-master/katalog-master/admin/core/controller/Model.php on line 31
[20-Nov-2025 14:16:44 America/New_York] PHP Deprecated:  Creation of dynamic property CategoryData::$in_menu is deprecated in /home/brightro/domains/catalogo.brightronix.net/public_html/katalog-master/katalog-master/admin/core/controller/Model.php on line 31
[20-Nov-2025 14:16:44 America/New_York] PHP Deprecated:  Creation of dynamic property CategoryData::$is_active is deprecated in /home/brightro/domains/catalogo.brightronix.net/public_html/katalog-master/katalog-master/admin/core/controller/Model.php on line 31
[20-Nov-2025 14:16:44 America/New_York] PHP Deprecated:  Creation of dynamic property CategoryData::$title is deprecated in /home/brightro/domains/catalogo.brightronix.net/public_html/katalog-master/katalog-master/admin/core/app/model/CategoryData.php on line 7
[20-Nov-2025 14:16:44 America/New_York] PHP Deprecated:  Creation of dynamic property CategoryData::$content is deprecated in /home/brightro/domains/catalogo.brightronix.net/public_html/katalog-master/katalog-master/admin/core/app/model/CategoryData.php on line 8
[20-Nov-2025 14:16:44 America/New_York] PHP Deprecated:  Creation of dynamic property CategoryData::$image is deprecated in /home/brightro/domains/catalogo.brightronix.net/public_html/katalog-master/katalog-master/admin/core/app/model/CategoryData.php on line 9
[20-Nov-2025 14:16:44 America/New_York] PHP Deprecated:  Creation of dynamic property CategoryData::$user_id is deprecated in /home/brightro/domains/catalogo.brightronix.net/public_html/katalog-master/katalog-master/admin/core/app/model/CategoryData.php on line 10
[20-Nov-2025 14:16:44 America/New_York] PHP Deprecated:  Creation of dynamic property CategoryData::$is_public is deprecated in /home/brightro/domains/catalogo.brightronix.net/public_html/katalog-master/katalog-master/admin/core/app/model/CategoryData.php on line 11
[20-Nov-2025 14:16:44 America/New_York] PHP Deprecated:  Creation of dynamic property CategoryData::$created_at is deprecated in /home/brightro/domains/catalogo.brightronix.net/public_html/katalog-master/katalog-master/admin/core/app/model/CategoryData.php on line 12
[20-Nov-2025 14:16:44 America/New_York] PHP Deprecated:  Creation of dynamic property CategoryData::$id is deprecated in /home/brightro/domains/catalogo.brightronix.net/public_html/katalog-master/katalog-master/admin/core/controller/Model.php on line 31
[20-Nov-2025 14:16:44 America/New_York] PHP Deprecated:  Creation of dynamic property CategoryData::$name is deprecated in /home/brightro/domains/catalogo.brightronix.net/public_html/katalog-master/katalog-master/admin/core/controller/Model.php on line 31
[20-Nov-2025 14:16:44 America/New_York] PHP Deprecated:  Creation of dynamic property CategoryData::$short_name is deprecated in /home/brightro/domains/catalogo.brightronix.net/public_html/katalog-master/katalog-master/admin/core/controller/Model.php on line 31
[20-Nov-2025 14:16:44 America/New_York] PHP Deprecated:  Creation of dynamic property CategoryData::$in_home is deprecated in /home/brightro/domains/catalogo.brightronix.net/public_html/katalog-master/katalog-master/admin/core/controller/Model.php on line 31
[20-Nov-2025 14:16:44 America/New_York] PHP Deprecated:  Creation of dynamic property CategoryData::$in_menu is deprecated in /home/brightro/domains/catalogo.brightronix.net/public_html/katalog-master/katalog-master/admin/core/controller/Model.php on line 31
[20-Nov-2025 14:16:44 America/New_York] PHP Deprecated:  Creation of dynamic property CategoryData::$is_active is deprecated in /home/brightro/domains/catalogo.brightronix.net/public_html/katalog-master/katalog-master/admin/core/controller/Model.php on line 31
[20-Nov-2025 14:16:44 America/New_York] PHP Deprecated:  Creation of dynamic property CategoryData::$title is deprecated in /home/brightro/domains/catalogo.brightronix.net/public_html/katalog-master/katalog-master/admin/core/app/model/CategoryData.php on line 7
[20-Nov-2025 14:16:44 America/New_York] PHP Deprecated:  Creation of dynamic property CategoryData::$content is deprecated in /home/brightro/domains/catalogo.brightronix.net/public_html/katalog-master/katalog-master/admin/core/app/model/CategoryData.php on line 8
[20-Nov-2025 14:16:44 America/New_York] PHP Deprecated:  Creation of dynamic property CategoryData::$image is deprecated in /home/brightro/domains/catalogo.brightronix.net/public_html/katalog-master/katalog-master/admin/core/app/model/CategoryData.php on line 9
[20-Nov-2025 14:16:44 America/New_York] PHP Deprecated:  Creation of dynamic property CategoryData::$user_id is deprecated in /home/brightro/domains/catalogo.brightronix.net/public_html/katalog-master/katalog-master/admin/core/app/model/CategoryData.php on line 10
[20-Nov-2025 14:16:44 America/New_York] PHP Deprecated:  Creation of dynamic property CategoryData::$is_public is deprecated in /home/brightro/domains/catalogo.brightronix.net/public_html/katalog-master/katalog-master/admin/core/app/model/CategoryData.php on line 11
[20-Nov-2025 14:16:44 America/New_York] PHP Deprecated:  Creation of dynamic property CategoryData::$created_at is deprecated in /home/brightro/domains/catalogo.brightronix.net/public_html/katalog-master/katalog-master/admin/core/app/model/CategoryData.php on line 12
[20-Nov-2025 14:16:44 America/New_York] PHP Deprecated:  Creation of dynamic property CategoryData::$id is deprecated in /home/brightro/domains/catalogo.brightronix.net/public_html/katalog-master/katalog-master/admin/core/controller/Model.php on line 31
[20-Nov-2025 14:16:44 America/New_York] PHP Deprecated:  Creation of dynamic property CategoryData::$name is deprecated in /home/brightro/domains/catalogo.brightronix.net/public_html/katalog-master/katalog-master/admin/core/controller/Model.php on line 31
[20-Nov-2025 14:16:44 America/New_York] PHP Deprecated:  Creation of dynamic property CategoryData::$short_name is deprecated in /home/brightro/domains/catalogo.brightronix.net/public_html/katalog-master/katalog-master/admin/core/controller/Model.php on line 31
[20-Nov-2025 14:16:44 America/New_York] PHP Deprecated:  Creation of dynamic property CategoryData::$in_home is deprecated in /home/brightro/domains/catalogo.brightronix.net/public_html/katalog-master/katalog-master/admin/core/controller/Model.php on line 31
[20-Nov-2025 14:16:44 America/New_York] PHP Deprecated:  Creation of dynamic property CategoryData::$in_menu is deprecated in /home/brightro/domains/catalogo.brightronix.net/public_html/katalog-master/katalog-master/admin/core/controller/Model.php on line 31
[20-Nov-2025 14:16:44 America/New_York] PHP Deprecated:  Creation of dynamic property CategoryData::$is_active is deprecated in /home/brightro/domains/catalogo.brightronix.net/public_html/katalog-master/katalog-master/admin/core/controller/Model.php on line 31
[20-Nov-2025 14:16:44 America/New_York] PHP Deprecated:  Creation of dynamic property CategoryData::$title is deprecated in /home/brightro/domains/catalogo.brightronix.net/public_html/katalog-master/katalog-master/admin/core/app/model/CategoryData.php on line 7
[20-Nov-2025 14:16:44 America/New_York] PHP Deprecated:  Creation of dynamic property CategoryData::$content is deprecated in /home/brightro/domains/catalogo.brightronix.net/public_html/katalog-master/katalog-master/admin/core/app/model/CategoryData.php on line 8
[20-Nov-2025 14:16:44 America/New_York] PHP Deprecated:  Creation of dynamic property CategoryData::$image is deprecated in /home/brightro/domains/catalogo.brightronix.net/public_html/katalog-master/katalog-master/admin/core/app/model/CategoryData.php on line 9
[20-Nov-2025 14:16:44 America/New_York] PHP Deprecated:  Creation of dynamic property CategoryData::$user_id is deprecated in /home/brightro/domains/catalogo.brightronix.net/public_html/katalog-master/katalog-master/admin/core/app/model/CategoryData.php on line 10
[20-Nov-2025 14:16:44 America/New_York] PHP Deprecated:  Creation of dynamic property CategoryData::$is_public is deprecated in /home/brightro/domains/catalogo.brightronix.net/public_html/katalog-master/katalog-master/admin/core/app/model/CategoryData.php on line 11
[20-Nov-2025 14:16:44 America/New_York] PHP Deprecated:  Creation of dynamic property CategoryData::$created_at is deprecated in /home/brightro/domains/catalogo.brightronix.net/public_html/katalog-master/katalog-master/admin/core/app/model/CategoryData.php on line 12
[20-Nov-2025 14:16:44 America/New_York] PHP Deprecated:  Creation of dynamic property CategoryData::$id is deprecated in /home/brightro/domains/catalogo.brightronix.net/public_html/katalog-master/katalog-master/admin/core/controller/Model.php on line 31
[20-Nov-2025 14:16:44 America/New_York] PHP Deprecated:  Creation of dynamic property CategoryData::$name is deprecated in /home/brightro/domains/catalogo.brightronix.net/public_html/katalog-master/katalog-master/admin/core/controller/Model.php on line 31
[20-Nov-2025 14:16:44 America/New_York] PHP Deprecated:  Creation of dynamic property CategoryData::$short_name is deprecated in /home/brightro/domains/catalogo.brightronix.net/public_html/katalog-master/katalog-master/admin/core/controller/Model.php on line 31
[20-Nov-2025 14:16:44 America/New_York] PHP Deprecated:  Creation of dynamic property CategoryData::$in_home is deprecated in /home/brightro/domains/catalogo.brightronix.net/public_html/katalog-master/katalog-master/admin/core/controller/Model.php on line 31
[20-Nov-2025 14:16:44 America/New_York] PHP Deprecated:  Creation of dynamic property CategoryData::$in_menu is deprecated in /home/brightro/domains/catalogo.brightronix.net/public_html/katalog-master/katalog-master/admin/core/controller/Model.php on line 31
[20-Nov-2025 14:16:44 America/New_York] PHP Deprecated:  Creation of dynamic property CategoryData::$is_active is deprecated in /home/brightro/domains/catalogo.brightronix.net/public_html/katalog-master/katalog-master/admin/core/controller/Model.php on line 31
[20-Nov-2025 14:16:44 America/New_York] PHP Deprecated:  Creation of dynamic property CategoryData::$title is deprecated in /home/brightro/domains/catalogo.brightronix.net/public_html/katalog-master/katalog-master/admin/core/app/model/CategoryData.php on line 7
[20-Nov-2025 14:16:44 America/New_York] PHP Deprecated:  Creation of dynamic property CategoryData::$content is deprecated in /home/brightro/domains/catalogo.brightronix.net/public_html/katalog-master/katalog-master/admin/core/app/model/CategoryData.php on line 8
[20-Nov-2025 14:16:44 America/New_York] PHP Deprecated:  Creation of dynamic property CategoryData::$image is deprecated in /home/brightro/domains/catalogo.brightronix.net/public_html/katalog-master/katalog-master/admin/core/app/model/CategoryData.php on line 9
[20-Nov-2025 14:16:44 America/New_York] PHP Deprecated:  Creation of dynamic property CategoryData::$user_id is deprecated in /home/brightro/domains/catalogo.brightronix.net/public_html/katalog-master/katalog-master/admin/core/app/model/CategoryData.php on line 10
[20-Nov-2025 14:16:44 America/New_York] PHP Deprecated:  Creation of dynamic property CategoryData::$is_public is deprecated in /home/brightro/domains/catalogo.brightronix.net/public_html/katalog-master/katalog-master/admin/core/app/model/CategoryData.php on line 11
[20-Nov-2025 14:16:44 America/New_York] PHP Deprecated:  Creation of dynamic property CategoryData::$created_at is deprecated in /home/brightro/domains/catalogo.brightronix.net/public_html/katalog-master/katalog-master/admin/core/app/model/CategoryData.php on line 12
[20-Nov-2025 14:16:44 America/New_York] PHP Deprecated:  Creation of dynamic property CategoryData::$id is deprecated in /home/brightro/domains/catalogo.brightronix.net/public_html/katalog-master/katalog-master/admin/core/controller/Model.php on line 31
[20-Nov-2025 14:16:44 America/New_York] PHP Deprecated:  Creation of dynamic property CategoryData::$name is deprecated in /home/brightro/domains/catalogo.brightronix.net/public_html/katalog-master/katalog-master/admin/core/controller/Model.php on line 31
[20-Nov-2025 14:16:44 America/New_York] PHP Deprecated:  Creation of dynamic property CategoryData::$short_name is deprecated in /home/brightro/domains/catalogo.brightronix.net/public_html/katalog-master/katalog-master/admin/core/controller/Model.php on line 31
[20-Nov-2025 14:16:44 America/New_York] PHP Deprecated:  Creation of dynamic property CategoryData::$in_home is deprecated in /home/brightro/domains/catalogo.brightronix.net/public_html/katalog-master/katalog-master/admin/core/controller/Model.php on line 31
[20-Nov-2025 14:16:44 America/New_York] PHP Deprecated:  Creation of dynamic property CategoryData::$in_menu is deprecated in /home/brightro/domains/catalogo.brightronix.net/public_html/katalog-master/katalog-master/admin/core/controller/Model.php on line 31
[20-Nov-2025 14:16:44 America/New_York] PHP Deprecated:  Creation of dynamic property CategoryData::$is_active is deprecated in /home/brightro/domains/catalogo.brightronix.net/public_html/katalog-master/katalog-master/admin/core/controller/Model.php on line 31
[20-Nov-2025 14:16:44 America/New_York] PHP Deprecated:  Creation of dynamic property CategoryData::$title is deprecated in /home/brightro/domains/catalogo.brightronix.net/public_html/katalog-master/katalog-master/admin/core/app/model/CategoryData.php on line 7
[20-Nov-2025 14:16:44 America/New_York] PHP Deprecated:  Creation of dynamic property CategoryData::$content is deprecated in /home/brightro/domains/catalogo.brightronix.net/public_html/katalog-master/katalog-master/admin/core/app/model/CategoryData.php on line 8
[20-Nov-2025 14:16:44 America/New_York] PHP Deprecated:  Creation of dynamic property CategoryData::$image is deprecated in /home/brightro/domains/catalogo.brightronix.net/public_html/katalog-master/katalog-master/admin/core/app/model/CategoryData.php on line 9
[20-Nov-2025 14:16:44 America/New_York] PHP Deprecated:  Creation of dynamic property CategoryData::$user_id is deprecated in /home/brightro/domains/catalogo.brightronix.net/public_html/katalog-master/katalog-master/admin/core/app/model/CategoryData.php on line 10
[20-Nov-2025 14:16:44 America/New_York] PHP Deprecated:  Creation of dynamic property CategoryData::$is_public is deprecated in /home/brightro/domains/catalogo.brightronix.net/public_html/katalog-master/katalog-master/admin/core/app/model/CategoryData.php on line 11
[20-Nov-2025 14:16:44 America/New_York] PHP Deprecated:  Creation of dynamic property CategoryData::$created_at is deprecated in /home/brightro/domains/catalogo.brightronix.net/public_html/katalog-master/katalog-master/admin/core/app/model/CategoryData.php on line 12
[20-Nov-2025 14:16:44 America/New_York] PHP Deprecated:  Creation of dynamic property CategoryData::$id is deprecated in /home/brightro/domains/catalogo.brightronix.net/public_html/katalog-master/katalog-master/admin/core/controller/Model.php on line 31
[20-Nov-2025 14:16:44 America/New_York] PHP Deprecated:  Creation of dynamic property CategoryData::$name is deprecated in /home/brightro/domains/catalogo.brightronix.net/public_html/katalog-master/katalog-master/admin/core/controller/Model.php on line 31
[20-Nov-2025 14:16:44 America/New_York] PHP Deprecated:  Creation of dynamic property CategoryData::$short_name is deprecated in /home/brightro/domains/catalogo.brightronix.net/public_html/katalog-master/katalog-master/admin/core/controller/Model.php on line 31
[20-Nov-2025 14:16:44 America/New_York] PHP Deprecated:  Creation of dynamic property CategoryData::$in_home is deprecated in /home/brightro/domains/catalogo.brightronix.net/public_html/katalog-master/katalog-master/admin/core/controller/Model.php on line 31
[20-Nov-2025 14:16:44 America/New_York] PHP Deprecated:  Creation of dynamic property CategoryData::$in_menu is deprecated in /home/brightro/domains/catalogo.brightronix.net/public_html/katalog-master/katalog-master/admin/core/controller/Model.php on line 31
[20-Nov-2025 14:16:44 America/New_York] PHP Deprecated:  Creation of dynamic property CategoryData::$is_active is deprecated in /home/brightro/domains/catalogo.brightronix.net/public_html/katalog-master/katalog-master/admin/core/controller/Model.php on line 31
[20-Nov-2025 14:16:44 America/New_York] PHP Deprecated:  Creation of dynamic property CategoryData::$title is deprecated in /home/brightro/domains/catalogo.brightronix.net/public_html/katalog-master/katalog-master/admin/core/app/model/CategoryData.php on line 7
[20-Nov-2025 14:16:44 America/New_York] PHP Deprecated:  Creation of dynamic property CategoryData::$content is deprecated in /home/brightro/domains/catalogo.brightronix.net/public_html/katalog-master/katalog-master/admin/core/app/model/CategoryData.php on line 8
[20-Nov-2025 14:16:44 America/New_York] PHP Deprecated:  Creation of dynamic property CategoryData::$image is deprecated in /home/brightro/domains/catalogo.brightronix.net/public_html/katalog-master/katalog-master/admin/core/app/model/CategoryData.php on line 9
[20-Nov-2025 14:16:44 America/New_York] PHP Deprecated:  Creation of dynamic property CategoryData::$user_id is deprecated in /home/brightro/domains/catalogo.brightronix.net/public_html/katalog-master/katalog-master/admin/core/app/model/CategoryData.php on line 10
[20-Nov-2025 14:16:44 America/New_York] PHP Deprecated:  Creation of dynamic property CategoryData::$is_public is deprecated in /home/brightro/domains/catalogo.brightronix.net/public_html/katalog-master/katalog-master/admin/core/app/model/CategoryData.php on line 11
[20-Nov-2025 14:16:44 America/New_York] PHP Deprecated:  Creation of dynamic property CategoryData::$created_at is deprecated in /home/brightro/domains/catalogo.brightronix.net/public_html/katalog-master/katalog-master/admin/core/app/model/CategoryData.php on line 12
[20-Nov-2025 14:16:44 America/New_York] PHP Deprecated:  Creation of dynamic property CategoryData::$id is deprecated in /home/brightro/domains/catalogo.brightronix.net/public_html/katalog-master/katalog-master/admin/core/controller/Model.php on line 31
[20-Nov-2025 14:16:44 America/New_York] PHP Deprecated:  Creation of dynamic property CategoryData::$name is deprecated in /home/brightro/domains/catalogo.brightronix.net/public_html/katalog-master/katalog-master/admin/core/controller/Model.php on line 31
[20-Nov-2025 14:16:44 America/New_York] PHP Deprecated:  Creation of dynamic property CategoryData::$short_name is deprecated in /home/brightro/domains/catalogo.brightronix.net/public_html/katalog-master/katalog-master/admin/core/controller/Model.php on line 31
[20-Nov-2025 14:16:44 America/New_York] PHP Deprecated:  Creation of dynamic property CategoryData::$in_home is deprecated in /home/brightro/domains/catalogo.brightronix.net/public_html/katalog-master/katalog-master/admin/core/controller/Model.php on line 31
[20-Nov-2025 14:16:44 America/New_York] PHP Deprecated:  Creation of dynamic property CategoryData::$in_menu is deprecated in /home/brightro/domains/catalogo.brightronix.net/public_html/katalog-master/katalog-master/admin/core/controller/Model.php on line 31
[20-Nov-2025 14:16:44 America/New_York] PHP Deprecated:  Creation of dynamic property CategoryData::$is_active is deprecated in /home/brightro/domains/catalogo.brightronix.net/public_html/katalog-master/katalog-master/admin/core/controller/Model.php on line 31
[20-Nov-2025 14:16:44 America/New_York] PHP Deprecated:  Creation of dynamic property CategoryData::$title is deprecated in /home/brightro/domains/catalogo.brightronix.net/public_html/katalog-master/katalog-master/admin/core/app/model/CategoryData.php on line 7
[20-Nov-2025 14:16:44 America/New_York] PHP Deprecated:  Creation of dynamic property CategoryData::$content is deprecated in /home/brightro/domains/catalogo.brightronix.net/public_html/katalog-master/katalog-master/admin/core/app/model/CategoryData.php on line 8
[20-Nov-2025 14:16:44 America/New_York] PHP Deprecated:  Creation of dynamic property CategoryData::$image is deprecated in /home/brightro/domains/catalogo.brightronix.net/public_html/katalog-master/katalog-master/admin/core/app/model/CategoryData.php on line 9
[20-Nov-2025 14:16:44 America/New_York] PHP Deprecated:  Creation of dynamic property CategoryData::$user_id is deprecated in /home/brightro/domains/catalogo.brightronix.net/public_html/katalog-master/katalog-master/admin/core/app/model/CategoryData.php on line 10
[20-Nov-2025 14:16:44 America/New_York] PHP Deprecated:  Creation of dynamic property CategoryData::$is_public is deprecated in /home/brightro/domains/catalogo.brightronix.net/public_html/katalog-master/katalog-master/admin/core/app/model/CategoryData.php on line 11
[20-Nov-2025 14:16:44 America/New_York] PHP Deprecated:  Creation of dynamic property CategoryData::$created_at is deprecated in /home/brightro/domains/catalogo.brightronix.net/public_html/katalog-master/katalog-master/admin/core/app/model/CategoryData.php on line 12
[20-Nov-2025 14:16:44 America/New_York] PHP Deprecated:  Creation of dynamic property CategoryData::$id is deprecated in /home/brightro/domains/catalogo.brightronix.net/public_html/katalog-master/katalog-master/admin/core/controller/Model.php on line 31
[20-Nov-2025 14:16:44 America/New_York] PHP Deprecated:  Creation of dynamic property CategoryData::$name is deprecated in /home/brightro/domains/catalogo.brightronix.net/public_html/katalog-master/katalog-master/admin/core/controller/Model.php on line 31
[20-Nov-2025 14:16:44 America/New_York] PHP Deprecated:  Creation of dynamic property CategoryData::$short_name is deprecated in /home/brightro/domains/catalogo.brightronix.net/public_html/katalog-master/katalog-master/admin/core/controller/Model.php on line 31
[20-Nov-2025 14:16:44 America/New_York] PHP Deprecated:  Creation of dynamic property CategoryData::$in_home is deprecated in /home/brightro/domains/catalogo.brightronix.net/public_html/katalog-master/katalog-master/admin/core/controller/Model.php on line 31
[20-Nov-2025 14:16:44 America/New_York] PHP Deprecated:  Creation of dynamic property CategoryData::$in_menu is deprecated in /home/brightro/domains/catalogo.brightronix.net/public_html/katalog-master/katalog-master/admin/core/controller/Model.php on line 31
[20-Nov-2025 14:16:44 America/New_York] PHP Deprecated:  Creation of dynamic property CategoryData::$is_active is deprecated in /home/brightro/domains/catalogo.brightronix.net/public_html/katalog-master/katalog-master/admin/core/controller/Model.php on line 31
[20-Nov-2025 14:16:44 America/New_York] PHP Deprecated:  Creation of dynamic property CategoryData::$title is deprecated in /home/brightro/domains/catalogo.brightronix.net/public_html/katalog-master/katalog-master/admin/core/app/model/CategoryData.php on line 7
[20-Nov-2025 14:16:44 America/New_York] PHP Deprecated:  Creation of dynamic property CategoryData::$content is deprecated in /home/brightro/domains/catalogo.brightronix.net/public_html/katalog-master/katalog-master/admin/core/app/model/CategoryData.php on line 8
[20-Nov-2025 14:16:44 America/New_York] PHP Deprecated:  Creation of dynamic property CategoryData::$image is deprecated in /home/brightro/domains/catalogo.brightronix.net/public_html/katalog-master/katalog-master/admin/core/app/model/CategoryData.php on line 9
[20-Nov-2025 14:16:44 America/New_York] PHP Deprecated:  Creation of dynamic property CategoryData::$user_id is deprecated in /home/brightro/domains/catalogo.brightronix.net/public_html/katalog-master/katalog-master/admin/core/app/model/CategoryData.php on line 10
[20-Nov-2025 14:16:44 America/New_York] PHP Deprecated:  Creation of dynamic property CategoryData::$is_public is deprecated in /home/brightro/domains/catalogo.brightronix.net/public_html/katalog-master/katalog-master/admin/core/app/model/CategoryData.php on line 11
[20-Nov-2025 14:16:44 America/New_York] PHP Deprecated:  Creation of dynamic property CategoryData::$created_at is deprecated in /home/brightro/domains/catalogo.brightronix.net/public_html/katalog-master/katalog-master/admin/core/app/model/CategoryData.php on line 12
[20-Nov-2025 14:16:44 America/New_York] PHP Deprecated:  Creation of dynamic property CategoryData::$id is deprecated in /home/brightro/domains/catalogo.brightronix.net/public_html/katalog-master/katalog-master/admin/core/controller/Model.php on line 31
[20-Nov-2025 14:16:44 America/New_York] PHP Deprecated:  Creation of dynamic property CategoryData::$name is deprecated in /home/brightro/domains/catalogo.brightronix.net/public_html/katalog-master/katalog-master/admin/core/controller/Model.php on line 31
[20-Nov-2025 14:16:44 America/New_York] PHP Deprecated:  Creation of dynamic property CategoryData::$short_name is deprecated in /home/brightro/domains/catalogo.brightronix.net/public_html/katalog-master/katalog-master/admin/core/controller/Model.php on line 31
[20-Nov-2025 14:16:44 America/New_York] PHP Deprecated:  Creation of dynamic property CategoryData::$in_home is deprecated in /home/brightro/domains/catalogo.brightronix.net/public_html/katalog-master/katalog-master/admin/core/controller/Model.php on line 31
[20-Nov-2025 14:16:44 America/New_York] PHP Deprecated:  Creation of dynamic property CategoryData::$in_menu is deprecated in /home/brightro/domains/catalogo.brightronix.net/public_html/katalog-master/katalog-master/admin/core/controller/Model.php on line 31
[20-Nov-2025 14:16:44 America/New_York] PHP Deprecated:  Creation of dynamic property CategoryData::$is_active is deprecated in /home/brightro/domains/catalogo.brightronix.net/public_html/katalog-master/katalog-master/admin/core/controller/Model.php on line 31
[20-Nov-2025 14:16:44 America/New_York] PHP Deprecated:  Creation of dynamic property CategoryData::$title is deprecated in /home/brightro/domains/catalogo.brightronix.net/public_html/katalog-master/katalog-master/admin/core/app/model/CategoryData.php on line 7
[20-Nov-2025 14:16:44 America/New_York] PHP Deprecated:  Creation of dynamic property CategoryData::$content is deprecated in /home/brightro/domains/catalogo.brightronix.net/public_html/katalog-master/katalog-master/admin/core/app/model/CategoryData.php on line 8
[20-Nov-2025 14:16:44 America/New_York] PHP Deprecated:  Creation of dynamic property CategoryData::$image is deprecated in /home/brightro/domains/catalogo.brightronix.net/public_html/katalog-master/katalog-master/admin/core/app/model/CategoryData.php on line 9
[20-Nov-2025 14:16:44 America/New_York] PHP Deprecated:  Creation of dynamic property CategoryData::$user_id is deprecated in /home/brightro/domains/catalogo.brightronix.net/public_html/katalog-master/katalog-master/admin/core/app/model/CategoryData.php on line 10
[20-Nov-2025 14:16:44 America/New_York] PHP Deprecated:  Creation of dynamic property CategoryData::$is_public is deprecated in /home/brightro/domains/catalogo.brightronix.net/public_html/katalog-master/katalog-master/admin/core/app/model/CategoryData.php on line 11
[20-Nov-2025 14:16:44 America/New_York] PHP Deprecated:  Creation of dynamic property CategoryData::$created_at is deprecated in /home/brightro/domains/catalogo.brightronix.net/public_html/katalog-master/katalog-master/admin/core/app/model/CategoryData.php on line 12
[20-Nov-2025 14:16:44 America/New_York] PHP Deprecated:  Creation of dynamic property CategoryData::$id is deprecated in /home/brightro/domains/catalogo.brightronix.net/public_html/katalog-master/katalog-master/admin/core/controller/Model.php on line 31
[20-Nov-2025 14:16:44 America/New_York] PHP Deprecated:  Creation of dynamic property CategoryData::$name is deprecated in /home/brightro/domains/catalogo.brightronix.net/public_html/katalog-master/katalog-master/admin/core/controller/Model.php on line 31
[20-Nov-2025 14:16:44 America/New_York] PHP Deprecated:  Creation of dynamic property CategoryData::$short_name is deprecated in /home/brightro/domains/catalogo.brightronix.net/public_html/katalog-master/katalog-master/admin/core/controller/Model.php on line 31
[20-Nov-2025 14:16:44 America/New_York] PHP Deprecated:  Creation of dynamic property CategoryData::$in_home is deprecated in /home/brightro/domains/catalogo.brightronix.net/public_html/katalog-master/katalog-master/admin/core/controller/Model.php on line 31
[20-Nov-2025 14:16:44 America/New_York] PHP Deprecated:  Creation of dynamic property CategoryData::$in_menu is deprecated in /home/brightro/domains/catalogo.brightronix.net/public_html/katalog-master/katalog-master/admin/core/controller/Model.php on line 31
[20-Nov-2025 14:16:44 America/New_York] PHP Deprecated:  Creation of dynamic property CategoryData::$is_active is deprecated in /home/brightro/domains/catalogo.brightronix.net/public_html/katalog-master/katalog-master/admin/core/controller/Model.php on line 31
[20-Nov-2025 14:16:44 America/New_York] PHP Deprecated:  Creation of dynamic property CategoryData::$title is deprecated in /home/brightro/domains/catalogo.brightronix.net/public_html/katalog-master/katalog-master/admin/core/app/model/CategoryData.php on line 7
[20-Nov-2025 14:16:44 America/New_York] PHP Deprecated:  Creation of dynamic property CategoryData::$content is deprecated in /home/brightro/domains/catalogo.brightronix.net/public_html/katalog-master/katalog-master/admin/core/app/model/CategoryData.php on line 8
[20-Nov-2025 14:16:44 America/New_York] PHP Deprecated:  Creation of dynamic property CategoryData::$image is deprecated in /home/brightro/domains/catalogo.brightronix.net/public_html/katalog-master/katalog-master/admin/core/app/model/CategoryData.php on line 9
[20-Nov-2025 14:16:44 America/New_York] PHP Deprecated:  Creation of dynamic property CategoryData::$user_id is deprecated in /home/brightro/domains/catalogo.brightronix.net/public_html/katalog-master/katalog-master/admin/core/app/model/CategoryData.php on line 10
[20-Nov-2025 14:16:44 America/New_York] PHP Deprecated:  Creation of dynamic property CategoryData::$is_public is deprecated in /home/brightro/domains/catalogo.brightronix.net/public_html/katalog-master/katalog-master/admin/core/app/model/CategoryData.php on line 11
[20-Nov-2025 14:16:44 America/New_York] PHP Deprecated:  Creation of dynamic property CategoryData::$created_at is deprecated in /home/brightro/domains/catalogo.brightronix.net/public_html/katalog-master/katalog-master/admin/core/app/model/CategoryData.php on line 12
[20-Nov-2025 14:16:44 America/New_York] PHP Deprecated:  Creation of dynamic property CategoryData::$id is deprecated in /home/brightro/domains/catalogo.brightronix.net/public_html/katalog-master/katalog-master/admin/core/controller/Model.php on line 31
[20-Nov-2025 14:16:44 America/New_York] PHP Deprecated:  Creation of dynamic property CategoryData::$name is deprecated in /home/brightro/domains/catalogo.brightronix.net/public_html/katalog-master/katalog-master/admin/core/controller/Model.php on line 31
[20-Nov-2025 14:16:44 America/New_York] PHP Deprecated:  Creation of dynamic property CategoryData::$short_name is deprecated in /home/brightro/domains/catalogo.brightronix.net/public_html/katalog-master/katalog-master/admin/core/controller/Model.php on line 31
[20-Nov-2025 14:16:44 America/New_York] PHP Deprecated:  Creation of dynamic property CategoryData::$in_home is deprecated in /home/brightro/domains/catalogo.brightronix.net/public_html/katalog-master/katalog-master/admin/core/controller/Model.php on line 31
[20-Nov-2025 14:16:44 America/New_York] PHP Deprecated:  Creation of dynamic property CategoryData::$in_menu is deprecated in /home/brightro/domains/catalogo.brightronix.net/public_html/katalog-master/katalog-master/admin/core/controller/Model.php on line 31
[20-Nov-2025 14:16:44 America/New_York] PHP Deprecated:  Creation of dynamic property CategoryData::$is_active is deprecated in /home/brightro/domains/catalogo.brightronix.net/public_html/katalog-master/katalog-master/admin/core/controller/Model.php on line 31
[20-Nov-2025 14:16:44 America/New_York] PHP Deprecated:  Creation of dynamic property CategoryData::$title is deprecated in /home/brightro/domains/catalogo.brightronix.net/public_html/katalog-master/katalog-master/admin/core/app/model/CategoryData.php on line 7
[20-Nov-2025 14:16:44 America/New_York] PHP Deprecated:  Creation of dynamic property CategoryData::$content is deprecated in /home/brightro/domains/catalogo.brightronix.net/public_html/katalog-master/katalog-master/admin/core/app/model/CategoryData.php on line 8
[20-Nov-2025 14:16:44 America/New_York] PHP Deprecated:  Creation of dynamic property CategoryData::$image is deprecated in /home/brightro/domains/catalogo.brightronix.net/public_html/katalog-master/katalog-master/admin/core/app/model/CategoryData.php on line 9
[20-Nov-2025 14:16:44 America/New_York] PHP Deprecated:  Creation of dynamic property CategoryData::$user_id is deprecated in /home/brightro/domains/catalogo.brightronix.net/public_html/katalog-master/katalog-master/admin/core/app/model/CategoryData.php on line 10
[20-Nov-2025 14:16:44 America/New_York] PHP Deprecated:  Creation of dynamic property CategoryData::$is_public is deprecated in /home/brightro/domains/catalogo.brightronix.net/public_html/katalog-master/katalog-master/admin/core/app/model/CategoryData.php on line 11
[20-Nov-2025 14:16:44 America/New_York] PHP Deprecated:  Creation of dynamic property CategoryData::$created_at is deprecated in /home/brightro/domains/catalogo.brightronix.net/public_html/katalog-master/katalog-master/admin/core/app/model/CategoryData.php on line 12
[20-Nov-2025 14:16:44 America/New_York] PHP Deprecated:  Creation of dynamic property CategoryData::$id is deprecated in /home/brightro/domains/catalogo.brightronix.net/public_html/katalog-master/katalog-master/admin/core/controller/Model.php on line 31
[20-Nov-2025 14:16:44 America/New_York] PHP Deprecated:  Creation of dynamic property CategoryData::$name is deprecated in /home/brightro/domains/catalogo.brightronix.net/public_html/katalog-master/katalog-master/admin/core/controller/Model.php on line 31
[20-Nov-2025 14:16:44 America/New_York] PHP Deprecated:  Creation of dynamic property CategoryData::$short_name is deprecated in /home/brightro/domains/catalogo.brightronix.net/public_html/katalog-master/katalog-master/admin/core/controller/Model.php on line 31
[20-Nov-2025 14:16:44 America/New_York] PHP Deprecated:  Creation of dynamic property CategoryData::$in_home is deprecated in /home/brightro/domains/catalogo.brightronix.net/public_html/katalog-master/katalog-master/admin/core/controller/Model.php on line 31
[20-Nov-2025 14:16:44 America/New_York] PHP Deprecated:  Creation of dynamic property CategoryData::$in_menu is deprecated in /home/brightro/domains/catalogo.brightronix.net/public_html/katalog-master/katalog-master/admin/core/controller/Model.php on line 31
[20-Nov-2025 14:16:44 America/New_York] PHP Deprecated:  Creation of dynamic property CategoryData::$is_active is deprecated in /home/brightro/domains/catalogo.brightronix.net/public_html/katalog-master/katalog-master/admin/core/controller/Model.php on line 31
[20-Nov-2025 14:16:44 America/New_York] PHP Deprecated:  Creation of dynamic property CategoryData::$title is deprecated in /home/brightro/domains/catalogo.brightronix.net/public_html/katalog-master/katalog-master/admin/core/app/model/CategoryData.php on line 7
[20-Nov-2025 14:16:44 America/New_York] PHP Deprecated:  Creation of dynamic property CategoryData::$content is deprecated in /home/brightro/domains/catalogo.brightronix.net/public_html/katalog-master/katalog-master/admin/core/app/model/CategoryData.php on line 8
[20-Nov-2025 14:16:44 America/New_York] PHP Deprecated:  Creation of dynamic property CategoryData::$image is deprecated in /home/brightro/domains/catalogo.brightronix.net/public_html/katalog-master/katalog-master/admin/core/app/model/CategoryData.php on line 9
[20-Nov-2025 14:16:44 America/New_York] PHP Deprecated:  Creation of dynamic property CategoryData::$user_id is deprecated in /home/brightro/domains/catalogo.brightronix.net/public_html/katalog-master/katalog-master/admin/core/app/model/CategoryData.php on line 10
[20-Nov-2025 14:16:44 America/New_York] PHP Deprecated:  Creation of dynamic property CategoryData::$is_public is deprecated in /home/brightro/domains/catalogo.brightronix.net/public_html/katalog-master/katalog-master/admin/core/app/model/CategoryData.php on line 11
[20-Nov-2025 14:16:44 America/New_York] PHP Deprecated:  Creation of dynamic property CategoryData::$created_at is deprecated in /home/brightro/domains/catalogo.brightronix.net/public_html/katalog-master/katalog-master/admin/core/app/model/CategoryData.php on line 12
[20-Nov-2025 14:16:44 America/New_York] PHP Deprecated:  Creation of dynamic property CategoryData::$id is deprecated in /home/brightro/domains/catalogo.brightronix.net/public_html/katalog-master/katalog-master/admin/core/controller/Model.php on line 31
[20-Nov-2025 14:16:44 America/New_York] PHP Deprecated:  Creation of dynamic property CategoryData::$name is deprecated in /home/brightro/domains/catalogo.brightronix.net/public_html/katalog-master/katalog-master/admin/core/controller/Model.php on line 31
[20-Nov-2025 14:16:44 America/New_York] PHP Deprecated:  Creation of dynamic property CategoryData::$short_name is deprecated in /home/brightro/domains/catalogo.brightronix.net/public_html/katalog-master/katalog-master/admin/core/controller/Model.php on line 31
[20-Nov-2025 14:16:44 America/New_York] PHP Deprecated:  Creation of dynamic property CategoryData::$in_home is deprecated in /home/brightro/domains/catalogo.brightronix.net/public_html/katalog-master/katalog-master/admin/core/controller/Model.php on line 31
[20-Nov-2025 14:16:44 America/New_York] PHP Deprecated:  Creation of dynamic property CategoryData::$in_menu is deprecated in /home/brightro/domains/catalogo.brightronix.net/public_html/katalog-master/katalog-master/admin/core/controller/Model.php on line 31
[20-Nov-2025 14:16:44 America/New_York] PHP Deprecated:  Creation of dynamic property CategoryData::$is_active is deprecated in /home/brightro/domains/catalogo.brightronix.net/public_html/katalog-master/katalog-master/admin/core/controller/Model.php on line 31
[20-Nov-2025 14:16:44 America/New_York] PHP Deprecated:  Creation of dynamic property CategoryData::$title is deprecated in /home/brightro/domains/catalogo.brightronix.net/public_html/katalog-master/katalog-master/admin/core/app/model/CategoryData.php on line 7
[20-Nov-2025 14:16:44 America/New_York] PHP Deprecated:  Creation of dynamic property CategoryData::$content is deprecated in /home/brightro/domains/catalogo.brightronix.net/public_html/katalog-master/katalog-master/admin/core/app/model/CategoryData.php on line 8
[20-Nov-2025 14:16:44 America/New_York] PHP Deprecated:  Creation of dynamic property CategoryData::$image is deprecated in /home/brightro/domains/catalogo.brightronix.net/public_html/katalog-master/katalog-master/admin/core/app/model/CategoryData.php on line 9
[20-Nov-2025 14:16:44 America/New_York] PHP Deprecated:  Creation of dynamic property CategoryData::$user_id is deprecated in /home/brightro/domains/catalogo.brightronix.net/public_html/katalog-master/katalog-master/admin/core/app/model/CategoryData.php on line 10
[20-Nov-2025 14:16:44 America/New_York] PHP Deprecated:  Creation of dynamic property CategoryData::$is_public is deprecated in /home/brightro/domains/catalogo.brightronix.net/public_html/katalog-master/katalog-master/admin/core/app/model/CategoryData.php on line 11
[20-Nov-2025 14:16:44 America/New_York] PHP Deprecated:  Creation of dynamic property CategoryData::$created_at is deprecated in /home/brightro/domains/catalogo.brightronix.net/public_html/katalog-master/katalog-master/admin/core/app/model/CategoryData.php on line 12
[20-Nov-2025 14:16:44 America/New_York] PHP Deprecated:  Creation of dynamic property CategoryData::$id is deprecated in /home/brightro/domains/catalogo.brightronix.net/public_html/katalog-master/katalog-master/admin/core/controller/Model.php on line 31
[20-Nov-2025 14:16:44 America/New_York] PHP Deprecated:  Creation of dynamic property CategoryData::$name is deprecated in /home/brightro/domains/catalogo.brightronix.net/public_html/katalog-master/katalog-master/admin/core/controller/Model.php on line 31
[20-Nov-2025 14:16:44 America/New_York] PHP Deprecated:  Creation of dynamic property CategoryData::$short_name is deprecated in /home/brightro/domains/catalogo.brightronix.net/public_html/katalog-master/katalog-master/admin/core/controller/Model.php on line 31
[20-Nov-2025 14:16:44 America/New_York] PHP Deprecated:  Creation of dynamic property CategoryData::$in_home is deprecated in /home/brightro/domains/catalogo.brightronix.net/public_html/katalog-master/katalog-master/admin/core/controller/Model.php on line 31
[20-Nov-2025 14:16:44 America/New_York] PHP Deprecated:  Creation of dynamic property CategoryData::$in_menu is deprecated in /home/brightro/domains/catalogo.brightronix.net/public_html/katalog-master/katalog-master/admin/core/controller/Model.php on line 31
[20-Nov-2025 14:16:44 America/New_York] PHP Deprecated:  Creation of dynamic property CategoryData::$is_active is deprecated in /home/brightro/domains/catalogo.brightronix.net/public_html/katalog-master/katalog-master/admin/core/controller/Model.php on line 31
